Workbook

Sheet שער
B2: פירוט טכני וכתב כמויות
B8: 2026-10-28
B12: נחלת יצחק 34 ת"א | טל- 0505241244
H13: spacer
F14: 18

Sheet מקרא והנחיות
B1: מקרא ותוכן עניינים
A2: פרק | B2: שם הפרק | F2: עמוד
A3: 1 | B3: פירוק והריסה | F3: 4
A4: 2 | B4: מחיצות והכנות לדלפק | F4: 5
A5: 3 | B5: אינסטלציה ותברואה | F5: 6
A6: 4 | B6: חשמל והכנות תקשורת | F6: 7
A7: 5 | B7: הכנות רצפה והגבהות | F7: 8
A8: 6 | B8: איטום | F8: 9
A9: 7 | B9: דלתות בחנות או בחדר שירות | F9: 10
A10: 8 | B10: ריצוף וחיפוי הדלפק | F10: 11
A11: 9 | B11: תקרה וקרניזים לדוכן | F11: 12
A12: 10 | B12: צבע וגמר | F12: 13
A13: 11 | B13: נגרות ביפרש | F13: 14
A14: 12 | B14: מסגרות ביפרש | F14: 15
... A22: 20 | B22: שילוט ומיתוג | F22: 24
H23: spacer
B24: מקרא והנחיות — המשך
A25: פרק | B25: שם הפרק | F25: עמוד
A26: 21 | B26: ריהוט נייד | F26: 25
H27: spacer
H28: spacer
B29: הנחיות והערות כלליות לקבלן
A30: 1. יש להגיש הצעה לפי הסעיפים והתכולות שבמסמך הפרויקט. יש להעביר לבירור אי־התאמה, גבול תכולה לא ברור או פרט חסר לפני ביצוע העבודה הנוגעת להם.
A31: 2. אספקה, התקנה, תשתית וחיבור בידי קבלנים או ספקים שונים יפורטו בנפרד. אין להסיק אחריות רק מהופעת שם ספק או מהסימון קיים.
A32: 3. מפרטי הרשת שנקבעו בשורות נשמרים. רק פרטי סניף ובחירות שנותרו פתוחות יושלמו לפי מסמכי הפרויקט וההכרעות המאושרים; אין למלא מחלוקת מערך של סניף קודם ללא אישור.
A33: 4. לכל רכיב תכולת תמחור אחת. אספקה או עבודה המופיעות בפרק נפרד יוחרגו ממחיר הפריט שבו היו עלולות להיכלל שוב.
A34: 5. תכניות ופרטים החלים על ההצעה: {רשימת מסמכים ומהדורות לפרויקט}. פרטי הקבלן, חתימה וחותמת יושלמו בעותק ההצעה.
H35: spacer

Sheet _BOQ_META
A1: BOQ_WORKBOOK | B1: 4 | C1: contractor | D1: d6d6b0e3-35ba-4a70-b25a-644b4fcb2752 | E1: 9164786e-25f1-4590-bd1c-10b21b694cb9 | F1: bfresh | G1: ["8189bc4f-d508-4fbf-af8e-947594637817","e7f7d9dd-858f-45b5-85a3-26465f8d29d1","c8c2cbd0-6b00-4f97-9970-14224685d7a0","3716ff48-6609-494b-8182-59ff37209cf5","0877b93e-6c74-451a-84c3-1890085b89fb","859f33f1-9a45-4c6a-aeb9-53d787cbffff","004b11c9-e9fe-4bc9-a628-b25d45f52687","f168410b-fdac-47e6-a2c9-cb836f8a21b7","8ca27162-cf4c-4235-9625-144bc5f8b3b8","e11d6aeb-dad6-48da-a2ff-73af4a3884cb","78f2831d-b2fe-4cc4-8a44-bf741ea81b7f","1c6df516-1715-4ad1-8bcd-2f628170a9ab","0e5a14aa-9bf4-4548-9938-f5cfffa73598","7530b13f-fabb-41fe-9523-01f3cac97750","4d50a42d-8662-461f-a783-aee52c2ab469","044361b7-a153-40d6-9552-4292637bb427","cb524d1f-62a7-4303-acfe-7f207f94b8d6","eaf4a6ee-6dd6-4504-87ec-302f84ef4b45","422ba6c0-3a4d-491c-b266-dae2195b3cce","63ea7e18-6a0d-4990-8cdb-03d40038c15c","5d74e8dc-9ffe-438f-844c-d5b9d72d6154"]
A2: layout | B2: {"font":"Assistant","sideMarginMm":6.35,"verticalMarginMm":19.05} | C2: {"title":[{"sheet":"שער","cell":"B4"}],"location":[{"sheet":"שער","cell":"B5"}],"client":[{"sheet":"שער","cell":"B6"}],"date":[{"sheet":"שער","cell":"B8"}],"office":[{"sheet":"שער","cell":"B12"}],"revision":[{"sheet":"שער","cell":"B14"}],"contractor":[{"sheet":"שער","cell":"D14"}],"vat":[{"sheet":"שער","cell":"F14"}],"instructions":[{"sheet":"מקרא והנחיות","cell":"A30"},{"sheet":"מקרא והנחיות","cell":"A31"},{"sheet":"מקרא והנחיות","cell":"A32"},{"sheet":"מקרא והנחיות","cell":"A33"},{"sheet":"מקרא והנחיות","cell":"A34"}]} | D2: {"width":2836,"height":771,"sha256":"11e4cb844c2fce059d04ea30f256087da08ced63e5ed936793dfe2e25a583992"}
A3: chapterId | B3: sheet | C3: active | D3: rowIds
A4: 8189bc4f-d508-4fbf-af8e-947594637817 | B4: פירוק והריסה | C4: 1 | D4: ["1b2325c4-3966-498f-8366-a0f5dda84597","0bfab241-ed81-43ee-99b0-5526452543a7","b4a6859b-aadb-4a39-859d-136a349ec68c","5a048a3b-1e97-41e1-bbaf-f07b3e5a1af8","4bc42c11-c26d-4db2-9bed-59b566c56110","81b27a8b-b6cf-406b-9a4f-4064fd0e67ce","e3f473bc-d7e6-46b1-984d-3181e8d54797","070e4db8-dea0-48c6-956d-0c3a3be755b0"]
A5: e7f7d9dd-858f-45b5-85a3-26465f8d29d1 | B5: מחיצות והכנות לדלפק | C5: 1 | D5: ["89ec1321-ba79-4713-9bd0-0c59184ce03f","e2a1ca32-0e8e-4f85-9128-d045e82423f9","510a2791-66f0-499a-b814-91c4e57deb43","0a23b5af-82e5-46aa-bef6-7362e7c40c87","06cac1d3-0240-43e5-ab54-96c72adc3ca0","f97b0dae-366b-48bf-9519-7bc170cb2766"]
A6: c8c2cbd0-6b00-4f97-9970-14224685d7a0 | B6: אינסטלציה ותברואה | C6: 1 | D6: ["092f557e-3e6d-4dac-980b-fd4f0c61f9c7","2811b5de-0b50-4acf-acb4-3b5c53525d1f","0cde9a76-fa91-402d-8488-94c9c574b974","09dbb842-7103-4270-97e3-fc858f2b9bfa","d85e0b12-5b80-4b4b-81e6-4447766dd4e7","f9e4c395-0fcd-4cf5-8a14-9db72695105f","8353bc9d-b942-445e-80a8-787dea0c752e","0d5e5a43-8ea4-4402-99e7-ea8f9b6a714f"]
A7: 3716ff48-6609-494b-8182-59ff37209cf5 | B7: חשמל והכנות תקשורת | C7: 1 | D7: ["a5538cd3-1abd-44d5-858e-058a8ab6b72d","1b5296c6-de36-4329-b2e5-25d47b534a89","73197d04-2d4d-4608-a0ca-03c64087c7f9","7697e26b-4e56-407f-85a7-279bb9abcaef","3098007d-3d51-4129-815b-8e2d0a8a9fc9","69f96b77-f6b6-4c7d-ad66-ecbca9ded3e3","1cd83078-58d3-4fa8-8e49-45b89032bcbf","b8e01dec-be46-41c0-8713-a61f281f92fd","9b4db498-670d-4e7c-b392-976f68575547","b42e0cb8-4764-4c95-9206-a702a3ca94fa","880cc642-297a-42d8-b61f-31afc044a081"]
A8: 0877b93e-6c74-451a-84c3-1890085b89fb | B8: הכנות רצפה והגבהות | C8: 1 | D8: ["8eb99a66-c8da-4a85-a2e8-263b4882b200","bf62f5ce-1eac-4520-b186-93108dfcdd4e"]
A9: 859f33f1-9a45-4c6a-aeb9-53d787cbffff | B9: איטום | C9: 1 | D9: ["c29540f3-d119-4395-bc60-4274c439e0e2","3df8333e-a3b0-4391-9a1e-b3d44e5439aa"]
A10: 004b11c9-e9fe-4bc9-a628-b25d45f52687 | B10: דלתות בחנות או בחדר שירות | C10: 1 | D10: ["59988ad9-fe8c-426c-b71f-00890db727f8","da179852-7c12-45bc-bd39-523c09d68224"]
A11: f168410b-fdac-47e6-a2c9-cb836f8a21b7 | B11: ריצוף וחיפוי הדלפק | C11: 1 | D11: ["2706522f-38a0-44a0-8be9-f9afa33c4b6e","f88046c6-21f1-4ac8-b189-b2dafa348bf3","8529bf7c-eaf0-4510-b50c-306442581bce","64b035af-4601-4388-93ca-c94bc58dff83","cd04e3f9-8ca9-4f41-a059-6e5c1b8b115f","b0c8b859-961f-4ae0-8753-f22a36c4b5ed","b36f8fc7-83c3-4bbd-9c96-8427d842fcd9"]
A12: 8ca27162-cf4c-4235-9625-144bc5f8b3b8 | B12: תקרה וקרניזים לדוכן | C12: 1 | D12: ["c5d5a26a-cdf1-414b-99d6-4f6d5a6037df","791d629c-829a-4192-af58-0003592fb5d4","d7028dfd-f9c5-47fc-9546-314b8c314e0b"]
A13: e11d6aeb-dad6-48da-a2ff-73af4a3884cb | B13: צבע וגמר | C13: 1 | D13: ["933649d2-61ca-4673-9bd0-9bf2dda9ad08","ba766927-4f03-4179-92d8-6c6e51f354b3","df5a3fb5-c708-48a4-b3fb-4eeb6877449f","02ac2483-3766-4e87-9642-a7538fa09b5e"]
A14: 78f2831d-b2fe-4cc4-8a44-bf741ea81b7f | B14: נגרות ביפרש | C14: 1 | D14: ["77077759-eca1-4237-b460-2fedc4e61575","5e73d0f2-1aab-4b35-9404-644e8e8734ab","adb34e5f-abfc-49e2-9d76-19db9e87e7d4","870e4611-5e0d-4302-b0d6-c9129b6ab79d","f4c2e9cd-a657-4712-810c-af158ce59e1a","b8f78421-12e0-4c9a-a585-05d1131e0c5d","9e0af212-d35f-4346-bd50-afbe618ec86a"]
A15: 1c6df516-1715-4ad1-8bcd-2f628170a9ab | B15: מסגרות ביפרש | C15: 1 | D15: ["43534dfe-d369-429c-b2f9-469d130c9b7e","a4701464-123d-44f4-9e1a-a2d784fb3481","8176c706-3602-4bd6-93e6-7e85344bb0fe","d30dc058-e754-42aa-930d-fdf9936518c9","240649a4-986b-4ea3-91f7-bb92df91dfd1","4087d0f4-41bf-46d9-92cb-1a32f43550c4","e062b74d-4237-47e0-a444-785c70dd1ce0","cb910325-b9f3-453d-b7e0-9cf6dfb5954f","bc375460-a6ad-443b-9283-39151afa9d58"]
... A24: 5d74e8dc-9ffe-438f-844c-d5b9d72d6154 | B24: ריהוט נייד | C24: 1 | D24: ["9d72ad11-d181-4a95-8f42-8f46cb7a5c8d","efa2d487-7bff-4c57-9999-f2892375b0fe"]

Sheet פירוק והריסה
A1: 1 | B1: פירוק והריסה | G1: 8189bc4f-d508-4fbf-af8e-947594637817 | H1: chapter
A2: סעיף | B2: תיאור עבודה | C2: יח׳ | D2: כמות | E2: מחיר יחידה | F2: סה״כ | H2: columns
B3: מחירי עבודות הפירוק כוללים הגנה על הרכוש הנותר ופינוי הפסולת הנוצרת מהפירוק. פריטים המיועדים לשימוש חוזר יזוהו בפרויקט ויפורקו לשמירה. אין לחייב שוב אותו פינוי בסעיף אחר. | G3: 1b2325c4-3966-498f-8366-a0f5dda84597 | H3: note
A4: 1.01 | B4: פירוק מעטפת דלפק {זיהוי}, לרבות חיפויים, משטחים ודפנות המיועדים להחלפה. שלד, ציוד ותשתיות שנותרים לשימוש: {פירוט}. | C4: קומפ' | F4: =IF(ISBLANK(D4),"",IF(NOT(ISNUMBER(D4)),"קלט לא תקין",IF(D4<0,"קלט לא תקין",IF(ISBLANK(E4),"",IF(OR(E4="כלול",E4="לא רלוונטי"),0,IF(NOT(ISNUMBER(E4)),"קלט לא תקין",IF(E4<0,"קלט לא תקין",ROUND(D4*E4,2)))))))) | G4: 0bfab241-ed81-43ee-99b0-5526452543a7 | H4: item
A5: 1.02 | B5: פירוק ופינוי ריהוט קבוע, ארונות וציוד המיועדים לפינוי באזור {אזור}; פריטים לשימוש חוזר וגבולות פירוק יפורטו לפני תחילת העבודה. | C5: קומפ' | F5: =IF(ISBLANK(D5),"",IF(NOT(ISNUMBER(D5)),"קלט לא תקין",IF(D5<0,"קלט לא תקין",IF(ISBLANK(E5),"",IF(OR(E5="כלול",E5="לא רלוונטי"),0,IF(NOT(ISNUMBER(E5)),"קלט לא תקין",IF(E5<0,"קלט לא תקין",ROUND(D5*E5,2)))))))) | G5: b4a6859b-aadb-4a39-859d-136a349ec68c | H5: item
A6: 1.03 | B6: פירוק תקרה או הנמכה מסוג {סוג} באזור {אזור}, לרבות התשתית המיועדת לפירוק. הטיפול בחלקים: {פינוי או שמירה להרכבה מחדש}. | C6: מ"ר | F6: =IF(ISBLANK(D6),"",IF(NOT(ISNUMBER(D6)),"קלט לא תקין",IF(D6<0,"קלט לא תקין",IF(ISBLANK(E6),"",IF(OR(E6="כלול",E6="לא רלוונטי"),0,IF(NOT(ISNUMBER(E6)),"קלט לא תקין",IF(E6<0,"קלט לא תקין",ROUND(D6*E6,2)))))))) | G6: 5a048a3b-1e97-41e1-bbaf-f07b3e5a1af8 | H6: item
A7: 1.04 | B7: פירוק ריצוף ושכבות תשתית באזור {אזור}, עד {גבול ועומק פירוק}, כהכנה לעבודות החדשות המפורטות בפרויקט. | C7: מ"ר | F7: =IF(ISBLANK(D7),"",IF(NOT(ISNUMBER(D7)),"קלט לא תקין",IF(D7<0,"קלט לא תקין",IF(ISBLANK(E7),"",IF(OR(E7="כלול",E7="לא רלוונטי"),0,IF(NOT(ISNUMBER(E7)),"קלט לא תקין",IF(E7<0,"קלט לא תקין",ROUND(D7*E7,2)))))))) | G7: 4bc42c11-c26d-4db2-9bed-59b566c56110 | H7: item
A8: 1.05 | B8: פירוק מערכת חשמל ואביזריה באזור {אזור}, בגבולות הנקובים בתכנון. מעגלים ואביזרים שנשארים פעילים או מיועדים להרכבה מחדש: {פירוט}. | C8: קומפ' | F8: =IF(ISBLANK(D8),"",IF(NOT(ISNUMBER(D8)),"קלט לא תקין",IF(D8<0,"קלט לא תקין",IF(ISBLANK(E8),"",IF(OR(E8="כלול",E8="לא רלוונטי"),0,IF(NOT(ISNUMBER(E8)),"קלט לא תקין",IF(E8<0,"קלט לא תקין",ROUND(D8*E8,2)))))))) | G8: 81b27a8b-b6cf-406b-9a4f-4064fd0e67ce | H8: item
A9: 1.06 | B9: פירוק צנרת ואביזרי אינסטלציה המיועדים להחלפה באזור {אזור}, בגבולות {תחילה וסיום}; הגנת וחסימת קצוות החיבור לפי התכנון. | C9: קומפ' | F9: =IF(ISBLANK(D9),"",IF(NOT(ISNUMBER(D9)),"קלט לא תקין",IF(D9<0,"קלט לא תקין",IF(ISBLANK(E9),"",IF(OR(E9="כלול",E9="לא רלוונטי"),0,IF(NOT(ISNUMBER(E9)),"קלט לא תקין",IF(E9<0,"קלט לא תקין",ROUND(D9*E9,2)))))))) | G9: e3f473bc-d7e6-46b1-984d-3181e8d54797 | H9: item
A10: 1.07 | B10: פירוק שילוט קיים מטיפוס {זיהוי}, כולל רכיבי התקנה והזנה המיועדים לפירוק, ושמירה על רכיבים שסומנו להמשך שימוש. | C10: קומפ' | F10: =IF(ISBLANK(D10),"",IF(NOT(ISNUMBER(D10)),"קלט לא תקין",IF(D10<0,"קלט לא תקין",IF(ISBLANK(E10),"",IF(OR(E10="כלול",E10="לא רלוונטי"),0,IF(NOT(ISNUMBER(E10)),"קלט לא תקין",IF(E10<0,"קלט לא תקין",ROUND(D10*E10,2)))))))) | G10: 070e4db8-dea0-48c6-956d-0c3a3be755b0 | H10: item
H11: spacer
B12: סיכום חלקי פרק 1 להעברה | F12: =SUM(F4,F5,F6,F7,F8,F9,F10) -> 0 | H12: total

Sheet מחיצות והכנות לדלפק
A1: 2 | B1: מחיצות והכנות לדלפק | G1: e7f7d9dd-858f-45b5-85a3-26465f8d29d1 | H1: chapter
A2: סעיף | B2: תיאור עבודה | C2: יח׳ | D2: כמות | E2: מחיר יחידה | F2: סה״כ | H2: columns
B3: מחירי המחיצות כוללים את רכיבי המערכת, התשתית, החיבורים והגמר המוגדרים בסעיף. סוגי לוחות, שכבות, בידוד ועיגון יושלמו לפי הפרויקט. גמר צבע וחיפוי מתומחרים בפרקים המיועדים להם, אלא אם הוגדר אחרת במפורש. | G3: 89ec1321-ba79-4713-9bd0-0c59184ce03f | H3: note
A4: 2.01 | B4: הקמת מחיצה נמוכה כתשתית לדלפק או להפרדה באזור {אזור}, בגובה ובחתך {מידות}, במערכת {סוג}, לרבות {תכולה ועיגון}. | C4: מ.א. | F4: =IF(ISBLANK(D4),"",IF(NOT(ISNUMBER(D4)),"קלט לא תקין",IF(D4<0,"קלט לא תקין",IF(ISBLANK(E4),"",IF(OR(E4="כלול",E4="לא רלוונטי"),0,IF(NOT(ISNUMBER(E4)),"קלט לא תקין",IF(E4<0,"קלט לא תקין",ROUND(D4*E4,2)))))))) | G4: e2a1ca32-0e8e-4f85-9128-d045e82423f9 | H4: item
A5: 2.02 | B5: ביצוע עיבוי או חיפוי קיר קיים במערכת {סוג}, בגובה {גובה}, באזור {אזור}, לצורך {ייעוד}, לרבות תשתית וחיבורים כמפורט. | C5: מ"ר | F5: =IF(ISBLANK(D5),"",IF(NOT(ISNUMBER(D5)),"קלט לא תקין",IF(D5<0,"קלט לא תקין",IF(ISBLANK(E5),"",IF(OR(E5="כלול",E5="לא רלוונטי"),0,IF(NOT(ISNUMBER(E5)),"קלט לא תקין",IF(E5<0,"קלט לא תקין",ROUND(D5*E5,2)))))))) | G5: 510a2791-66f0-499a-b814-91c4e57deb43 | H5: item
A6: 2.03 | B6: אספקה והתקנת מגן פינה מנירוסטה מטיפוס {טיפוס}, במידות {מידות}, עובי וגמר {מפרט}, על תשתית {סוג} ובאופן חיבור {פרט}. | C6: יח' | F6: =IF(ISBLANK(D6),"",IF(NOT(ISNUMBER(D6)),"קלט לא תקין",IF(D6<0,"קלט לא תקין",IF(ISBLANK(E6),"",IF(OR(E6="כלול",E6="לא רלוונטי"),0,IF(NOT(ISNUMBER(E6)),"קלט לא תקין",IF(E6<0,"קלט לא תקין",ROUND(D6*E6,2)))))))) | G6: 0a23b5af-82e5-46aa-bef6-7362e7c40c87 | H6: item
A7: 2.04 | B7: אספקה והתקנת מגן קצה מנירוסטה מטיפוס {טיפוס}, במידות {מידות}, עובי וגמר {מפרט}, על תשתית {סוג} ובאופן חיבור {פרט}. | C7: יח' | F7: =IF(ISBLANK(D7),"",IF(NOT(ISNUMBER(D7)),"קלט לא תקין",IF(D7<0,"קלט לא תקין",IF(ISBLANK(E7),"",IF(OR(E7="כלול",E7="לא רלוונטי"),0,IF(NOT(ISNUMBER(E7)),"קלט לא תקין",IF(E7<0,"קלט לא תקין",ROUND(D7*E7,2)))))))) | G7: 06cac1d3-0240-43e5-ab54-96c72adc3ca0 | H7: item
A8: 2.05 | B8: אספקה והתקנת משקוף נירוסטה לפתח {זיהוי וייעוד}, במידות {מידות}, עובי וגמר {מפרט}, לרבות החיבורים והעיגון שנקבעו לפריט. | C8: יח' | F8: =IF(ISBLANK(D8),"",IF(NOT(ISNUMBER(D8)),"קלט לא תקין",IF(D8<0,"קלט לא תקין",IF(ISBLANK(E8),"",IF(OR(E8="כלול",E8="לא רלוונטי"),0,IF(NOT(ISNUMBER(E8)),"קלט לא תקין",IF(E8<0,"קלט לא תקין",ROUND(D8*E8,2)))))))) | G8: f97b0dae-366b-48bf-9519-7bc170cb2766 | H8: item
H9: spacer
B10: סיכום חלקי פרק 2 להעברה | F10: =SUM(F4,F5,F6,F7,F8) -> 0 | H10: total

Sheet אינסטלציה ותברואה
A1: 3 | B1: אינסטלציה ותברואה | G1: c8c2cbd0-6b00-4f97-9970-14224685d7a0 | H1: chapter
A2: סעיף | B2: תיאור עבודה | C2: יח׳ | D2: כמות | E2: מחיר יחידה | F2: סה״כ | H2: columns
B3: מערכת המים והדלוחין תבוצע לפי תכנון הפרויקט. המחירים כוללים צנרת ואביזרי תשתית, חיבורים, הכנות ובדיקות כפי שנקבעו במפרט. אספקת כלים סניטריים וציוד אינה כלולה בסעיפי התקנה בלבד. קיום מערכת באתר אינו מעיד שאינה דורשת התאמה. | G3: 092f557e-3e6d-4dac-980b-fd4f0c61f9c7 | H3: note
A4: 3.01 | B4: ביצוע או התאמת מערכת מים ודלוחין באזור {אזור}, בין נקודות החיבור {תחילה וסיום}, לרבות {צנרת, אביזרים ומתקנים}, לפי תכנון {הפניה}. חיבור למערכת קיימת יוגדר לפי מצב האתר שנבדק. | C4: קומפ' | F4: =IF(ISBLANK(D4),"",IF(NOT(ISNUMBER(D4)),"קלט לא תקין",IF(D4<0,"קלט לא תקין",IF(ISBLANK(E4),"",IF(OR(E4="כלול",E4="לא רלוונטי"),0,IF(NOT(ISNUMBER(E4)),"קלט לא תקין",IF(E4<0,"קלט לא תקין",ROUND(D4*E4,2)))))))) | G4: 2811b5de-0b50-4acf-acb4-3b5c53525d1f | H4: item
A5: 3.02 | B5: ביצוע נקודת מים חמים וקרים ודלוחין עבור {כיור או ציוד}, לפי תכנון הפרויקט, לרבות הצנרת ואביזרי החיבור בגבולות {תכולה}. התקנת האביזר ואספקתו: {כלולות או מוחרגות}. | C5: נק' | F5: =IF(ISBLANK(D5),"",IF(NOT(ISNUMBER(D5)),"קלט לא תקין",IF(D5<0,"קלט לא תקין",IF(ISBLANK(E5),"",IF(OR(E5="כלול",E5="לא רלוונטי"),0,IF(NOT(ISNUMBER(E5)),"קלט לא תקין",IF(E5<0,"קלט לא תקין",ROUND(D5*E5,2)))))))) | G5: 0cde9a76-fa91-402d-8488-94c9c574b974 | H5: item
A6: 3.03 | B6: ביצוע נקודת מים קרים ודלוחין עבור {כיור או ציוד}, לפי תכנון הפרויקט, לרבות הצנרת ואביזרי החיבור בגבולות {תכולה}. | C6: נק' | F6: =IF(ISBLANK(D6),"",IF(NOT(ISNUMBER(D6)),"קלט לא תקין",IF(D6<0,"קלט לא תקין",IF(ISBLANK(E6),"",IF(OR(E6="כלול",E6="לא רלוונטי"),0,IF(NOT(ISNUMBER(E6)),"קלט לא תקין",IF(E6<0,"קלט לא תקין",ROUND(D6*E6,2)))))))) | G6: 09dbb842-7103-4270-97e3-fc858f2b9bfa | H6: item
A7: 3.04 | B7: ביצוע נקודת דלוחין עצמאית עבור {ציוד או ייעוד}, לרבות חיבור וסיום לפי תכנון הפרויקט. אין לכלול שוב ניקוז שכבר נכלל בנקודת מים משולבת. | C7: נק' | F7: =IF(ISBLANK(D7),"",IF(NOT(ISNUMBER(D7)),"קלט לא תקין",IF(D7<0,"קלט לא תקין",IF(ISBLANK(E7),"",IF(OR(E7="כלול",E7="לא רלוונטי"),0,IF(NOT(ISNUMBER(E7)),"קלט לא תקין",IF(E7<0,"קלט לא תקין",ROUND(D7*E7,2)))))))) | G7: d85e0b12-5b80-4b4b-81e6-4447766dd4e7 | H7: item
A8: 3.05 | B8: ביצוע נקודת ניקוז למיזוג אוויר מטיפוס {טיפוס}, לפי תכנון המיזוג והתברואה; קצה וגבול החיבור לקבלן המיזוג: {פירוט}. | C8: נק' | F8: =IF(ISBLANK(D8),"",IF(NOT(ISNUMBER(D8)),"קלט לא תקין",IF(D8<0,"קלט לא תקין",IF(ISBLANK(E8),"",IF(OR(E8="כלול",E8="לא רלוונטי"),0,IF(NOT(ISNUMBER(E8)),"קלט לא תקין",IF(E8<0,"קלט לא תקין",ROUND(D8*E8,2)))))))) | G8: f9e4c395-0fcd-4cf5-8a14-9db72695105f | H8: item
A9: 3.06 | B9: התקנת תעלת ניקוז מטיפוס {טיפוס}, במידות {מידות}, על התשתית המוגדרת, וחיבורה למערכת הניקוז. אספקת התעלה, עיגון ואיטום המפגש: {חלוקת אחריות}. | C9: יח' | F9: =IF(ISBLANK(D9),"",IF(NOT(ISNUMBER(D9)),"קלט לא תקין",IF(D9<0,"קלט לא תקין",IF(ISBLANK(E9),"",IF(OR(E9="כלול",E9="לא רלוונטי"),0,IF(NOT(ISNUMBER(E9)),"קלט לא תקין",IF(E9<0,"קלט לא תקין",ROUND(D9*E9,2)))))))) | G9: 8353bc9d-b942-445e-80a8-787dea0c752e | H9: item
A10: 3.07 | B10: אספקה והתקנת מתקן חימום מים מסוג {סוג}, בקיבול או הספק {נתון}, עם אביזרים וחיבורים כמפורט בתכנון. גבולות עבודות החשמל ועיגון המתקן: {פירוט}. | C10: יח' | F10: =IF(ISBLANK(D10),"",IF(NOT(ISNUMBER(D10)),"קלט לא תקין",IF(D10<0,"קלט לא תקין",IF(ISBLANK(E10),"",IF(OR(E10="כלול",E10="לא רלוונטי"),0,IF(NOT(ISNUMBER(E10)),"קלט לא תקין",IF(E10<0,"קלט לא תקין",ROUND(D10*E10,2)))))))) | G10: 0d5e5a43-8ea4-4402-99e7-ea8f9b6a714f | H10: item
H11: spacer
B12: סיכום חלקי פרק 3 להעברה | F12: =SUM(F4,F5,F6,F7,F8,F9,F10) -> 0 | H12: total

Sheet חשמל והכנות תקשורת
A1: 4 | B1: חשמל והכנות תקשורת | G1: 3716ff48-6609-494b-8182-59ff37209cf5 | H1: chapter
A2: סעיף | B2: תיאור עבודה | C2: יח׳ | D2: כמות | E2: מחיר יחידה | F2: סה״כ | H2: columns
B3: עבודות החשמל כוללות תשתית, מוליכים, חיבורים ואביזרים רק בתכולה המוגדרת לכל סעיף ולפי תכנון החשמל. הכנת נקודה, התקנת גוף ואספקת גוף הן תכולות שונות. חתכי מוליכים, קטרים, הגנות, הספקים ואופן הבדיקה ייקבעו בתכנון ולא יועתקו מפרויקט קודם. | G3: a5538cd3-1abd-44d5-858e-058a8ab6b72d | H3: note
A4: 4.01 | B4: ביצוע נקודת הפעלה וחיבור למעגל תאורה מטיפוס {טיפוס}, באזור {אזור}, לפי תכנון החשמל, כולל {תשתית, חיבור ואביזרי הפעלה}. אספקת והתקנת גופי התאורה אינן נכללות בסעיף זה. | C4: נק' | F4: =IF(ISBLANK(D4),"",IF(NOT(ISNUMBER(D4)),"קלט לא תקין",IF(D4<0,"קלט לא תקין",IF(ISBLANK(E4),"",IF(OR(E4="כלול",E4="לא רלוונטי"),0,IF(NOT(ISNUMBER(E4)),"קלט לא תקין",IF(E4<0,"קלט לא תקין",ROUND(D4*E4,2)))))))) | G4: 1b5296c6-de36-4329-b2e5-25d47b534a89 | H4: item
A5: 4.02 | B5: ביצוע יציאה נוספת לגוף תאורה המשויך למעגל {זיהוי}, לפי תכנון החשמל; תכולת החיבור: {פירוט}. | C5: יח' | F5: =IF(ISBLANK(D5),"",IF(NOT(ISNUMBER(D5)),"קלט לא תקין",IF(D5<0,"קלט לא תקין",IF(ISBLANK(E5),"",IF(OR(E5="כלול",E5="לא רלוונטי"),0,IF(NOT(ISNUMBER(E5)),"קלט לא תקין",IF(E5<0,"קלט לא תקין",ROUND(D5*E5,2)))))))) | G5: 73197d04-2d4d-4608-a0ca-03c64087c7f9 | H5: item
A6: 4.03 | B6: התקנת וחיבור גוף תאורה מטיפוס {טיפוס} על תשתית {קיימת או חדשה}, לרבות אביזרי ההתקנה המוגדרים. אספקת הגוף: {אחריות}. | C6: יח' | F6: =IF(ISBLANK(D6),"",IF(NOT(ISNUMBER(D6)),"קלט לא תקין",IF(D6<0,"קלט לא תקין",IF(ISBLANK(E6),"",IF(OR(E6="כלול",E6="לא רלוונטי"),0,IF(NOT(ISNUMBER(E6)),"קלט לא תקין",IF(E6<0,"קלט לא תקין",ROUND(D6*E6,2)))))))) | G6: 7697e26b-4e56-407f-85a7-279bb9abcaef | H6: item
A7: 4.04 | B7: ביצוע נקודת כוח חד־פאזית עבור {ייעוד}, באזור {אזור}, עם האביזר והתשתית לפי תכנון החשמל ובגבולות {תכולה}. | C7: נק' | F7: =IF(ISBLANK(D7),"",IF(NOT(ISNUMBER(D7)),"קלט לא תקין",IF(D7<0,"קלט לא תקין",IF(ISBLANK(E7),"",IF(OR(E7="כלול",E7="לא רלוונטי"),0,IF(NOT(ISNUMBER(E7)),"קלט לא תקין",IF(E7<0,"קלט לא תקין",ROUND(D7*E7,2)))))))) | G7: 3098007d-3d51-4129-815b-8e2d0a8a9fc9 | H7: item
A8: 4.05 | B8: ביצוע נקודת כוח תלת־פאזית עבור {ציוד}, לפי מפרט ההזנה של מתכנן החשמל ויצרן הציוד. אביזר החיבור וגבול העבודה: {פירוט}. | C8: נק' | F8: =IF(ISBLANK(D8),"",IF(NOT(ISNUMBER(D8)),"קלט לא תקין",IF(D8<0,"קלט לא תקין",IF(ISBLANK(E8),"",IF(OR(E8="כלול",E8="לא רלוונטי"),0,IF(NOT(ISNUMBER(E8)),"קלט לא תקין",IF(E8<0,"קלט לא תקין",ROUND(D8*E8,2)))))))) | G8: 69f96b77-f6b6-4c7d-ad66-ecbca9ded3e3 | H8: item
A9: 4.06 | B9: ביצוע נקודת הזנה למיזוג אוויר עבור {יחידה}, בהתאם לתכנון החשמל והמיזוג, לרבות אביזר סיום וגבול חיבור {פירוט}. | C9: נק' | F9: =IF(ISBLANK(D9),"",IF(NOT(ISNUMBER(D9)),"קלט לא תקין",IF(D9<0,"קלט לא תקין",IF(ISBLANK(E9),"",IF(OR(E9="כלול",E9="לא רלוונטי"),0,IF(NOT(ISNUMBER(E9)),"קלט לא תקין",IF(E9<0,"קלט לא תקין",ROUND(D9*E9,2)))))))) | G9: 1cd83078-58d3-4fa8-8e49-45b89032bcbf | H9: item
A10: 4.07 | B10: ביצוע נקודת הזנה למפוח עבור {יחידה וייעוד}, בהתאם לתכנון החשמל והאוורור, לרבות אביזר סיום וגבול חיבור {פירוט}. | C10: נק' | F10: =IF(ISBLANK(D10),"",IF(NOT(ISNUMBER(D10)),"קלט לא תקין",IF(D10<0,"קלט לא תקין",IF(ISBLANK(E10),"",IF(OR(E10="כלול",E10="לא רלוונטי"),0,IF(NOT(ISNUMBER(E10)),"קלט לא תקין",IF(E10<0,"קלט לא תקין",ROUND(D10*E10,2)))))))) | G10: b8e01dec-be46-41c0-8713-a61f281f92fd | H10: item
A11: 4.08 | B11: ביצוע תשתית תקשורת מטיפוס {סוג}, בין נקודות {קצוות}, לרבות צנרת, חוט משיכה ואביזרי סיום שנקבעו. כבילה פעילה וציוד קצה: {תכולה ואחריות}. | C11: נק' | F11: =IF(ISBLANK(D11),"",IF(NOT(ISNUMBER(D11)),"קלט לא תקין",IF(D11<0,"קלט לא תקין",IF(ISBLANK(E11),"",IF(OR(E11="כלול",E11="לא רלוונטי"),0,IF(NOT(ISNUMBER(E11)),"קלט לא תקין",IF(E11<0,"קלט לא תקין",ROUND(D11*E11,2)))))))) | G11: 9b4db498-670d-4e7c-b392-976f68575547 | H11: item
A12: 4.09 | B12: אספקה והתקנת לוח חשמל {זיהוי}, כולל מכלול הרכיבים, הסימון, החיווט והחיבור שנקבעו בתכנון החשמל. גודל החיבור והמפרט יושלמו בפרויקט. | C12: קומפ' | F12: =IF(ISBLANK(D12),"",IF(NOT(ISNUMBER(D12)),"קלט לא תקין",IF(D12<0,"קלט לא תקין",IF(ISBLANK(E12),"",IF(OR(E12="כלול",E12="לא רלוונטי"),0,IF(NOT(ISNUMBER(E12)),"קלט לא תקין",IF(E12<0,"קלט לא תקין",ROUND(D12*E12,2)))))))) | G12: b42e0cb8-4764-4c95-9206-a702a3ca94fa | H12: item
A13: 4.10 | B13: ביצוע הזנת חשמל והפעלה לשלט {זיהוי}, לרבות מעבר כבל בתשתית המוגדרת וחיבור בנקודת הסיום {מיקום}. השלט וספקו יתומחרו בנפרד אלא אם צוינה תכולה אחרת. | C13: נק' | F13: =IF(ISBLANK(D13),"",IF(NOT(ISNUMBER(D13)),"קלט לא תקין",IF(D13<0,"קלט לא תקין",IF(ISBLANK(E13),"",IF(OR(E13="כלול",E13="לא רלוונטי"),0,IF(NOT(ISNUMBER(E13)),"קלט לא תקין",IF(E13<0,"קלט לא תקין",ROUND(D13*E13,2)))))))) | G13: 880cc642-297a-42d8-b61f-31afc044a081 | H13: item
H14: spacer
B15: סיכום חלקי פרק 4 להעברה | F15: =SUM(F4,F5,F6,F7,F8,F9,F10,F11,F12,F13) -> 0 | H15: total

Sheet הכנות רצפה והגבהות
A1: 5 | B1: הכנות רצפה והגבהות | G1: 0877b93e-6c74-451a-84c3-1890085b89fb | H1: chapter
A2: סעיף | B2: תיאור עבודה | C2: יח׳ | D2: כמות | E2: מחיר יחידה | F2: סה״כ | H2: columns
B3: הכנת רצפה והגבהה יפורטו רק כשנדרשות בפרויקט. יש להגדיר גבול בין הכנת המשטח, איטום וריצוף, בלי לחייב אותה שכבה פעמיים. חומר, עומס ומפלסים ייקבעו בתכנון המאושר. | G3: 8eb99a66-c8da-4a85-a2e8-263b4882b200 | H3: note
A4: 5.01 | B4: ביצוע שכבת הכנה, מילוי או הגבהה באזור {אזור}, מחומר {מערכת}, בעובי ובמפלס {נתונים}, לרבות {תשתית, גמר והשלמות נכללים}, לפי פרט מאושר. | C4: מ"ר | F4: =IF(ISBLANK(D4),"",IF(NOT(ISNUMBER(D4)),"קלט לא תקין",IF(D4<0,"קלט לא תקין",IF(ISBLANK(E4),"",IF(OR(E4="כלול",E4="לא רלוונטי"),0,IF(NOT(ISNUMBER(E4)),"קלט לא תקין",IF(E4<0,"קלט לא תקין",ROUND(D4*E4,2)))))))) | G4: bf62f5ce-1eac-4520-b186-93108dfcdd4e | H4: item
H5: spacer
H6: spacer
B7: סיכום חלקי פרק 5 להעברה | F7: =SUM(F4) -> 0 | H7: total

Sheet איטום
A1: 6 | B1: איטום | G1: 859f33f1-9a45-4c6a-aeb9-53d787cbffff | H1: chapter
A2: סעיף | B2: תיאור עבודה | C2: יח׳ | D2: כמות | E2: מחיר יחידה | F2: סה״כ | H2: columns
B3: מערכת האיטום תיקבע לפי התשתית, השימוש, החדירות והמפגשים בפרויקט. כל סעיף יפרט את הכנת התשתית, סיומות, טיפול בנקזים ובפתחים ובדיקות נדרשות. אין ברירת מחדל לשיטת איטום, עובי, גובה רולקה או מותג. | G3: c29540f3-d119-4395-bc60-4274c439e0e2 | H3: note
A4: 6.01 | B4: ביצוע איטום באזור רטוב {זיהוי ואזור}, במערכת {מפרט מאושר}, לרבות הכנת תשתית, מפגשי קיר ורצפה, חדירות וסיומות לפי הפרט. בדיקות ותכולת ההכנה: {פירוט}. | C4: מ"ר | F4: =IF(ISBLANK(D4),"",IF(NOT(ISNUMBER(D4)),"קלט לא תקין",IF(D4<0,"קלט לא תקין",IF(ISBLANK(E4),"",IF(OR(E4="כלול",E4="לא רלוונטי"),0,IF(NOT(ISNUMBER(E4)),"קלט לא תקין",IF(E4<0,"קלט לא תקין",ROUND(D4*E4,2)))))))) | G4: 3df8333e-a3b0-4391-9a1e-b3d44e5439aa | H4: item
H5: spacer
H6: spacer
B7: סיכום חלקי פרק 6 להעברה | F7: =SUM(F4) -> 0 | H7: total

Sheet דלתות בחנות או בחדר שירות
A1: 7 | B1: דלתות בחנות או בחדר שירות | G1: 004b11c9-e9fe-4bc9-a628-b25d45f52687 | H1: chapter
A2: סעיף | B2: תיאור עבודה | C2: יח׳ | D2: כמות | E2: מחיר יחידה | F2: סה״כ | H2: columns
B3: מחיר כל טיפוס דלת כולל כנף, משקוף, הלבשות, פרזול, גמר, הובלה והרכבה לפי תיאור הסעיף. סוגי מילוי, צירים, פתיחה והתאמת נגישות או בטיחות יוגדרו בפרויקט; אין הוראה כללית של פרזול הסותרת טיפוס דלת. | G3: 59988ad9-fe8c-426c-b71f-00890db727f8 | H3: note
A4: 7.01 | B4: אספקה והתקנת דלת פנים מטיפוס {זיהוי}. מידות ופתיחה: {מידות וכיוון}; כנף ומילוי: {מפרט}; משקוף והלבשות: {מפרט}; פרזול: {מפרט}; גמר וגוון: {מפרט}; תכנית ופרט: {הפניה}. | C4: יח' | F4: =IF(ISBLANK(D4),"",IF(NOT(ISNUMBER(D4)),"קלט לא תקין",IF(D4<0,"קלט לא תקין",IF(ISBLANK(E4),"",IF(OR(E4="כלול",E4="לא רלוונטי"),0,IF(NOT(ISNUMBER(E4)),"קלט לא תקין",IF(E4<0,"קלט לא תקין",ROUND(D4*E4,2)))))))) | G4: da179852-7c12-45bc-bd39-523c09d68224 | H4: item
H5: spacer
H6: spacer
B7: סיכום חלקי פרק 7 להעברה | F7: =SUM(F4) -> 0 | H7: total

Sheet ריצוף וחיפוי הדלפק
A1: 8 | B1: ריצוף וחיפוי הדלפק | G1: f168410b-fdac-47e6-a2c9-cb836f8a21b7 | H1: chapter
A2: סעיף | B2: תיאור עבודה | C2: יח׳ | D2: כמות | E2: מחיר יחידה | F2: סה״כ | H2: columns
B3: מחירי עבודות הריצוף והחיפוי כוללים הכנת תשתית בתכולה שנקבעה, חומרי עזר, חיתוכים, התאמות, פינות ורובה בהתאם למפרט. אספקת האריחים תתומחר בפרק האספקות כשאינו כבוי; פנלים המופיעים בסעיף נפרד אינם כלולים שוב במחיר השטח. | G3: 2706522f-38a0-44a0-8be9-f9afa33c4b6e | H3: note
A4: 8.01 | B4: ריצוף אזור הכנת המזון ופנים הדלפק {אזור}, באריחי גרניט פורצלן אנטיסליפ במידות 30×30 ס״מ, עם מישקים 3 מ״מ ורובה אפוקסית שחורה. דרגת ההחלקה ודגם האריח {בחירה לפי שימוש ותכנון הסניף; אינם מפורטים במקור דובאי}. מפגשים, שיפועים ונקזים לפי פרט {הפניה}; אספקת האריחים {אחריות}. | C4: מ"ר | F4: =IF(ISBLANK(D4),"",IF(NOT(ISNUMBER(D4)),"קלט לא תקין",IF(D4<0,"קלט לא תקין",IF(ISBLANK(E4),"",IF(OR(E4="כלול",E4="לא רלוונטי"),0,IF(NOT(ISNUMBER(E4)),"קלט לא תקין",IF(E4<0,"קלט לא תקין",ROUND(D4*E4,2)))))))) | G4: f88046c6-21f1-4ac8-b189-b2dafa348bf3 | H4: item
A5: 8.02 | B5: חיפוי דופן חיצונית של דלפק {זיהוי}, בחומר {סוג, דגם ומידה}, בדוגמה ובגמר {פירוט}, על תשתית {סוג}; פרופילים וחיבוריהם נכללים רק לפי התכולה המפורשת. | C5: מ"ר | F5: =IF(ISBLANK(D5),"",IF(NOT(ISNUMBER(D5)),"קלט לא תקין",IF(D5<0,"קלט לא תקין",IF(ISBLANK(E5),"",IF(OR(E5="כלול",E5="לא רלוונטי"),0,IF(NOT(ISNUMBER(E5)),"קלט לא תקין",IF(E5<0,"קלט לא תקין",ROUND(D5*E5,2)))))))) | G5: 8529bf7c-eaf0-4510-b50c-306442581bce | H5: item
A6: 8.03 | B6: חיפוי דופן פנימית לדלפק {זיהוי}, באריחי קרמיקה לבנה במידות 30×60 ס״מ, עם מישקים 3 מ״מ ורובה כחולה, לגובה {גובה}, על תשתית {סוג}. אספקת האריחים {אחריות}. אין לכלול חיפוי פורמייקה באותו שטח. | C6: מ"ר | F6: =IF(ISBLANK(D6),"",IF(NOT(ISNUMBER(D6)),"קלט לא תקין",IF(D6<0,"קלט לא תקין",IF(ISBLANK(E6),"",IF(OR(E6="כלול",E6="לא רלוונטי"),0,IF(NOT(ISNUMBER(E6)),"קלט לא תקין",IF(E6<0,"קלט לא תקין",ROUND(D6*E6,2)))))))) | G6: 64b035af-4601-4388-93ca-c94bc58dff83 | H6: item
A7: 8.04 | B7: התקנת פנל תואם לריצוף {חומר וגמר}, בגובה {גובה}, לאורך האזור {אזור}, לרבות פינות וסיומות לפי הפרט. | C7: מ.א. | F7: =IF(ISBLANK(D7),"",IF(NOT(ISNUMBER(D7)),"קלט לא תקין",IF(D7<0,"קלט לא תקין",IF(ISBLANK(E7),"",IF(OR(E7="כלול",E7="לא רלוונטי"),0,IF(NOT(ISNUMBER(E7)),"קלט לא תקין",IF(E7<0,"קלט לא תקין",ROUND(D7*E7,2)))))))) | G7: cd04e3f9-8ca9-4f41-a059-6e5c1b8b115f | H7: item
A8: 8.05 | B8: חיפוי קירות מטבח באזור {אזור}, באריחי קרמיקה לבנה מבריקה במידות 30×60 ס״מ, עם מישקים 2 מ״מ ורובה לבנה, לגובה {גובה לפי הסניף}. אספקת האריחים {אחריות}; פינות ומפגשים לפי פרט {הפניה}. | C8: מ"ר | F8: =IF(ISBLANK(D8),"",IF(NOT(ISNUMBER(D8)),"קלט לא תקין",IF(D8<0,"קלט לא תקין",IF(ISBLANK(E8),"",IF(OR(E8="כלול",E8="לא רלוונטי"),0,IF(NOT(ISNUMBER(E8)),"קלט לא תקין",IF(E8<0,"קלט לא תקין",ROUND(D8*E8,2)))))))) | G8: b0c8b859-961f-4ae0-8753-f22a36c4b5ed | H8: item
A9: 8.06 | B9: ריצוף אזור ישיבה או שטח ציבורי {אזור}, כשנכלל בסניף, באריחי גרניט פורצלן דמוי טרצו במידות 80×80 ס״מ, עם מישקים 2 מ״מ ורובה אפורה, על תשתית {סוג}. אספקת האריחים {אחריות}. | C9: מ"ר | F9: =IF(ISBLANK(D9),"",IF(NOT(ISNUMBER(D9)),"קלט לא תקין",IF(D9<0,"קלט לא תקין",IF(ISBLANK(E9),"",IF(OR(E9="כלול",E9="לא רלוונטי"),0,IF(NOT(ISNUMBER(E9)),"קלט לא תקין",IF(E9<0,"קלט לא תקין",ROUND(D9*E9,2)))))))) | G9: b36f8fc7-83c3-4bbd-9c96-8427d842fcd9 | H9: item
H10: spacer
B11: סיכום חלקי פרק 8 להעברה | F11: =SUM(F4,F5,F6,F7,F8,F9) -> 0 | H11: total

Sheet תקרה וקרניזים לדוכן
A1: 9 | B1: תקרה וקרניזים לדוכן | G1: 8ca27162-cf4c-4235-9625-144bc5f8b3b8 | H1: chapter
A2: סעיף | B2: תיאור עבודה | C2: יח׳ | D2: כמות | E2: מחיר יחידה | F2: סה״כ | H2: columns
B3: המחירים כוללים תשתית, תלייה, חיבורים, פרופילי גמר ופתחים למערכות לפי מפרט התקרה. יש להגדיר סוג לוח או אריח, גובה, טיפול אקוסטי וחיזוקים. גמר צבע מתומחר בנפרד אם אינו מפורש כחלק מהמוצר. | G3: c5d5a26a-cdf1-414b-99d6-4f6d5a6037df | H3: note
A4: 9.01 | B4: ביצוע קרניז מטיפוס {טיפוס}, בחתך ובגובה {מידות}, באזור {אזור}, לרבות הכנה לתאורה או למיזוג לפי הפרט וללא אספקת גוף התאורה. | C4: מ.א. | F4: =IF(ISBLANK(D4),"",IF(NOT(ISNUMBER(D4)),"קלט לא תקין",IF(D4<0,"קלט לא תקין",IF(ISBLANK(E4),"",IF(OR(E4="כלול",E4="לא רלוונטי"),0,IF(NOT(ISNUMBER(E4)),"קלט לא תקין",IF(E4<0,"קלט לא תקין",ROUND(D4*E4,2)))))))) | G4: 791d629c-829a-4192-af58-0003592fb5d4 | H4: item
A5: 9.02 | B5: אספקה והתקנת תקרת מגשים ברוחב 30 ס״מ באזור מטבח או מחסן {אזור}, בגמר לבן RAL 9010 ופרופיל סיום L, לרבות תשתית ותלייה ופתחים לפי התכנון. גובה, חלוקה ועובי מגש {לפי תכנון הסניף}. | C5: מ"ר | F5: =IF(ISBLANK(D5),"",IF(NOT(ISNUMBER(D5)),"קלט לא תקין",IF(D5<0,"קלט לא תקין",IF(ISBLANK(E5),"",IF(OR(E5="כלול",E5="לא רלוונטי"),0,IF(NOT(ISNUMBER(E5)),"קלט לא תקין",IF(E5<0,"קלט לא תקין",ROUND(D5*E5,2)))))))) | G5: d7028dfd-f9c5-47fc-9546-314b8c314e0b | H5: item
H6: spacer
H7: spacer
B8: סיכום חלקי פרק 9 להעברה | F8: =SUM(F4,F5) -> 0 | H8: total

Sheet צבע וגמר
A1: 10 | B1: צבע וגמר | G1: e11d6aeb-dad6-48da-a2ff-73af4a3884cb | H1: chapter
A2: סעיף | B2: תיאור עבודה | C2: יח׳ | D2: כמות | E2: מחיר יחידה | F2: סה״כ | H2: columns
B3: עבודות הצבע כוללות הכנת תשתית, תיקונים וחומרי יסוד לפי המשטח והוראות המוצר. גמר קירות ותקרות אקריליים: סופרקריל, שתי שכבות לפחות ועד כיסוי מלא, גוון אפור Dunn Edwards Paints DE6374. קרניזי גל: צבע שמן מט משי בגוון כחול RAL 5012 בסעיף נפרד. המוצרים והגוונים משויכים למשטח המפורט, ללא העתקת הוראות דילול בטרפנטין. גוון אינו מחליף התאמת מוצר הצבע לתשתית. | G3: 933649d2-61ca-4673-9bd0-9bf2dda9ad08 | H3: note
A4: 10.01 | B4: הכנת וצביעת קירות באזור {אזור}, לרבות תיקוני תשתית והחלקה {תכולה}, בצבע אקרילי מסוג סופרקריל בשתי שכבות לפחות ועד כיסוי מלא; גוון אפור Dunn Edwards Paints DE6374. חומר יסוד לפי המשטח והוראות המוצר. | C4: מ"ר | F4: =IF(ISBLANK(D4),"",IF(NOT(ISNUMBER(D4)),"קלט לא תקין",IF(D4<0,"קלט לא תקין",IF(ISBLANK(E4),"",IF(OR(E4="כלול",E4="לא רלוונטי"),0,IF(NOT(ISNUMBER(E4)),"קלט לא תקין",IF(E4<0,"קלט לא תקין",ROUND(D4*E4,2)))))))) | G4: ba766927-4f03-4179-92d8-6c6e51f354b3 | H4: item
A5: 10.02 | B5: הכנת וצביעת תקרות גבס והנמכות באזור {אזור}, לרבות תיקוני תשתית ושפכטל אמריקאי עד החלקה, בצבע אקרילי מסוג סופרקריל בשתי שכבות לפחות ועד כיסוי מלא; גוון אפור Dunn Edwards Paints DE6374. חומר יסוד לפי המשטח והוראות המוצר. | C5: מ"ר | F5: =IF(ISBLANK(D5),"",IF(NOT(ISNUMBER(D5)),"קלט לא תקין",IF(D5<0,"קלט לא תקין",IF(ISBLANK(E5),"",IF(OR(E5="כלול",E5="לא רלוונטי"),0,IF(NOT(ISNUMBER(E5)),"קלט לא תקין",IF(E5<0,"קלט לא תקין",ROUND(D5*E5,2)))))))) | G5: df5a3fb5-c708-48a4-b3fb-4eeb6877449f | H5: item
A6: 10.03 | B6: הכנת וצביעת קרניז גל באזור {אזור}, לרבות תיקוני תשתית ושפכטל אמריקאי עד החלקה, בצבע שמן מט משי בשתי שכבות לפחות ועד כיסוי מלא, בגוון כחול RAL 5012. מידות ומיקום הקרניז {לפי תכנון הסניף}. אין לחייב שוב גמר צבע שנכלל במחיר קרניז מוגמר. | C6: מ"ר | F6: =IF(ISBLANK(D6),"",IF(NOT(ISNUMBER(D6)),"קלט לא תקין",IF(D6<0,"קלט לא תקין",IF(ISBLANK(E6),"",IF(OR(E6="כלול",E6="לא רלוונטי"),0,IF(NOT(ISNUMBER(E6)),"קלט לא תקין",IF(E6<0,"קלט לא תקין",ROUND(D6*E6,2)))))))) | G6: 02ac2483-3766-4e87-9642-a7538fa09b5e | H6: item
H7: spacer
B8: סיכום חלקי פרק 10 להעברה | F8: =SUM(F4,F5,F6) -> 0 | H8: total

Sheet נגרות ביפרש
A1: 11 | B1: נגרות ביפרש | G1: 78f2831d-b2fe-4cc4-8a44-bf741ea81b7f | H1: chapter
A2: סעיף | B2: תיאור עבודה | C2: יח׳ | D2: כמות | E2: מחיר יחידה | F2: סה״כ | H2: columns
B3: מחיר כל פריט נגרות כולל חומרים, פרזול, גמר, הובלה והרכבה שפורטו. לוחות עץ לבוד בעובי 18 מ״מ בציפוי פורמייקה בגמר נירוסטה מוברשת D2178; עץ מסיבי במבוק בגמר לכה מט משי 15% ברק; רכיבי MDF דקורטיביים בגמר כחול RAL 5012. אין חלופת בירמן 1100 או חזית אלון מולבן כברירת מחדל. מידות כלליות, חלוקה ומפלסים לפי הסניף. רכיבי מתכת, קוריאן, זיגוג ושילוט בסעיפים נפרדים מוחרגים. | G3: 77077759-eca1-4237-b460-2fedc4e61575 | H3: note
A4: 11.01 | B4: אספקה והתקנת משטח מדורג להגשה לדלפק {זיהוי}, מעץ מסיבי במבוק בעובי 2 ס״מ וברוחב 26 ס״מ, עם קנט קדמי ואחורי לפי הפרט, בגמר לכה מט משי 15% ברק. אורך, צורה ומפלסים {לפי תכנון הסניף}. שלד מסגרות, דפנות וקוריאן מתומחרים בנפרד. | C4: מ.א. | F4: =IF(ISBLANK(D4),"",IF(NOT(ISNUMBER(D4)),"קלט לא תקין",IF(D4<0,"קלט לא תקין",IF(ISBLANK(E4),"",IF(OR(E4="כלול",E4="לא רלוונטי"),0,IF(NOT(ISNUMBER(E4)),"קלט לא תקין",IF(E4<0,"קלט לא תקין",ROUND(D4*E4,2)))))))) | G4: 5e73d0f2-1aab-4b35-9404-644e8e8734ab | H4: item
A5: 11.02 | B5: אספקה והתקנת דופן פנימית לדלפק {זיהוי}, מלוחות עץ לבוד בעובי 18 מ״מ מצופים פורמייקה D2178 בגמר נירוסטה מוברשת, על שלד המתומחר בנפרד, לרבות פתחים והתאמות לציוד. גובה וחלוקה {מידות הסניף}. אין לחייב גם חיפוי קרמי באותו שטח. | C5: מ.א. | F5: =IF(ISBLANK(D5),"",IF(NOT(ISNUMBER(D5)),"קלט לא תקין",IF(D5<0,"קלט לא תקין",IF(ISBLANK(E5),"",IF(OR(E5="כלול",E5="לא רלוונטי"),0,IF(NOT(ISNUMBER(E5)),"קלט לא תקין",IF(E5<0,"קלט לא תקין",ROUND(D5*E5,2)))))))) | G5: adb34e5f-abfc-49e2-9d76-19db9e87e7d4 | H5: item
A6: 11.03 | B6: אספקה והתקנת דופן נגרות דקורטיבית לדלפק {זיהוי}, עשויה לוחות וסרגלי MDF בגמר צבע כחול RAL 5012, בגובה ובחלוקה {מידות הסניף}, על שלד מתומחר בנפרד. אין להחליף בחזית אלון מולבן מן המקורות הישנים. אריחים ורכיבי מיתוג בסעיפים נפרדים אינם כלולים. | C6: מ.א. | F6: =IF(ISBLANK(D6),"",IF(NOT(ISNUMBER(D6)),"קלט לא תקין",IF(D6<0,"קלט לא תקין",IF(ISBLANK(E6),"",IF(OR(E6="כלול",E6="לא רלוונטי"),0,IF(NOT(ISNUMBER(E6)),"קלט לא תקין",IF(E6<0,"קלט לא תקין",ROUND(D6*E6,2)))))))) | G6: 870e4611-5e0d-4302-b0d6-c9129b6ab79d | H6: item
A7: 11.04 | B7: אספקה והתקנת שער כניסה לדלפק {זיהוי}, מלוח MDF בגמר לבן ופס עליון מעץ מסיבי במבוק בחתך 4×5 ס״מ, בגמר לכה מט משי 15% ברק לרכיב הבמבוק, לרבות צירים וסגירה לפי פרט {הפניה}. מידות פתח וכיוון פתיחה {לפי הסניף}. | C7: יח' | F7: =IF(ISBLANK(D7),"",IF(NOT(ISNUMBER(D7)),"קלט לא תקין",IF(D7<0,"קלט לא תקין",IF(ISBLANK(E7),"",IF(OR(E7="כלול",E7="לא רלוונטי"),0,IF(NOT(ISNUMBER(E7)),"קלט לא תקין",IF(E7<0,"קלט לא תקין",ROUND(D7*E7,2)))))))) | G7: f4c2e9cd-a657-4712-810c-af158ce59e1a | H7: item
A8: 11.05 | B8: התקנת לוחות תשתית לדופן דלפק {זיהוי}, מחומר ובעובי {מפרט}, על גבי {תשתית}, כהכנה לחיפוי {חומר}. החיפוי הסופי מתומחר בפרק הריצוף והחיפוי או בפרק המשטחים. | C8: מ"ר | F8: =IF(ISBLANK(D8),"",IF(NOT(ISNUMBER(D8)),"קלט לא תקין",IF(D8<0,"קלט לא תקין",IF(ISBLANK(E8),"",IF(OR(E8="כלול",E8="לא רלוונטי"),0,IF(NOT(ISNUMBER(E8)),"קלט לא תקין",IF(E8<0,"קלט לא תקין",ROUND(D8*E8,2)))))))) | G8: b8f78421-12e0-4c9a-a585-05d1131e0c5d | H8: item
A9: 11.06 | B9: אספקה והתקנת רקע נגרות לקיר מיתוג {זיהוי}, מלוחות MDF פריקים על קורות עץ 40×40 מ״מ כהרחקה מהקיר, בחלוקה לריבועים באמצעות סרגלי MDF ‏60×20 מ״מ, בגמר כחול RAL 5012. מידות כלליות וחלוקה {לפי הסניף}. אותיות LED, ספקים והזנה מתומחרים בנפרד. | C9: מ"ר | F9: =IF(ISBLANK(D9),"",IF(NOT(ISNUMBER(D9)),"קלט לא תקין",IF(D9<0,"קלט לא תקין",IF(ISBLANK(E9),"",IF(OR(E9="כלול",E9="לא רלוונטי"),0,IF(NOT(ISNUMBER(E9)),"קלט לא תקין",IF(E9<0,"קלט לא תקין",ROUND(D9*E9,2)))))))) | G9: 9e0af212-d35f-4346-bd50-afbe618ec86a | H9: item
H10: spacer
B11: סיכום חלקי פרק 11 להעברה | F11: =SUM(F4,F5,F6,F7,F8,F9) -> 0 | H11: total

Sheet מסגרות ביפרש
A1: 12 | B1: מסגרות ביפרש | G1: 1c6df516-1715-4ad1-8bcd-2f628170a9ab | H1: chapter
A2: סעיף | B2: תיאור עבודה | C2: יח׳ | D2: כמות | E2: מחיר יחידה | F2: סה״כ | H2: columns
B3: עבודות המסגרות כוללות חומרי גלם, חיבורים, עיגון, הכנת שטח, חומרי יסוד וגמר המפורטים לפריט, הובלה והרכבה. לשלד דלפק פנימי: פרופיל פלדה 40×40 מ״מ וגמר שחור מט RAL 9005; עובי דופן, הגנת קורוזיה וחיבורים לפי תכנון הסניף. כחול RAL 5012 חל רק ברכיבים שסומנו כחולים בפרט המאושר. רכיבי נגרות, קוריאן, זכוכית ותאורה בסעיפים נפרדים מוחרגים. | G3: 43534dfe-d369-429c-b2f9-469d130c9b7e | H3: note
A4: 12.01 | B4: אספקה והתקנת שלד מסגרות פנימי לדלפק {זיהוי}, מפרופילי פלדה 40×40 מ״מ, בגמר שחור מט RAL 9005, בגובה ובחלוקה {מידות}, לרבות עיגון והכנות למעבר תשתיות לפי תכנון {הפניה}. עובי דופן והגנת קורוזיה {מפרט תכנון}. נגרות, אריחים, קוריאן וזכוכית אינם כלולים. | C4: מ.א. | F4: =IF(ISBLANK(D4),"",IF(NOT(ISNUMBER(D4)),"קלט לא תקין",IF(D4<0,"קלט לא תקין",IF(ISBLANK(E4),"",IF(OR(E4="כלול",E4="לא רלוונטי"),0,IF(NOT(ISNUMBER(E4)),"קלט לא תקין",IF(E4<0,"קלט לא תקין",ROUND(D4*E4,2)))))))) | G4: a4701464-123d-44f4-9e1a-a2d784fb3481 | H4: item
A5: 12.02 | B5: אספקה והתקנת יחידת מדפי מתכת או מתקן תצוגה מטיפוס {טיפוס}, במידות {מידות}, מפרופילים ומשטחים {מפרט}, בגמר {גמר}, לרבות תלייה או עיגון המוגדרים לפריט. | C5: יח' | F5: =IF(ISBLANK(D5),"",IF(NOT(ISNUMBER(D5)),"קלט לא תקין",IF(D5<0,"קלט לא תקין",IF(ISBLANK(E5),"",IF(OR(E5="כלול",E5="לא רלוונטי"),0,IF(NOT(ISNUMBER(E5)),"קלט לא תקין",IF(E5<0,"קלט לא תקין",ROUND(D5*E5,2)))))))) | G5: 8176c706-3602-4bd6-93e6-7e85344bb0fe | H5: item
A6: 12.03 | B6: אספקה והתקנת מסגרת תמיכה לפריט {זיהוי}, במידות {מידות}, מפרופילים ובגמר {מפרט}, לרבות עיגון והכנות כמפורט. הפריט הנתמך מתומחר בנפרד. | C6: יח' | F6: =IF(ISBLANK(D6),"",IF(NOT(ISNUMBER(D6)),"קלט לא תקין",IF(D6<0,"קלט לא תקין",IF(ISBLANK(E6),"",IF(OR(E6="כלול",E6="לא רלוונטי"),0,IF(NOT(ISNUMBER(E6)),"קלט לא תקין",IF(E6<0,"קלט לא תקין",ROUND(D6*E6,2)))))))) | G6: d30dc058-e754-42aa-930d-fdf9936518c9 | H6: item
A7: 12.04 | B7: אספקה והתקנת מסגרת תומכת לשילוט בהיקף דלפק {זיהוי}, במידות ובפרופילים {מפרט}, לרבות עיגון והכנה למעבר הזנה. אותיות, תאורה ושלט גמר אינם כלולים. | C7: מ.א. | F7: =IF(ISBLANK(D7),"",IF(NOT(ISNUMBER(D7)),"קלט לא תקין",IF(D7<0,"קלט לא תקין",IF(ISBLANK(E7),"",IF(OR(E7="כלול",E7="לא רלוונטי"),0,IF(NOT(ISNUMBER(E7)),"קלט לא תקין",IF(E7<0,"קלט לא תקין",ROUND(D7*E7,2)))))))) | G7: 240649a4-986b-4ea3-91f7-bb92df91dfd1 | H7: item
A8: 12.05 | B8: אספקה והתקנת שלד מפרופיל מגולוון 40×40 מ״מ בגמר טבעי לתמיכת מעטפת Alucobond באזור {זיהוי}, לפי תכנון ואישור מהנדס {הפניה}. אורך, גובה ועובי דופן {לפי הסניף}; לוחות הגמר מתומחרים בנפרד. | C8: מ.א. | F8: =IF(ISBLANK(D8),"",IF(NOT(ISNUMBER(D8)),"קלט לא תקין",IF(D8<0,"קלט לא תקין",IF(ISBLANK(E8),"",IF(OR(E8="כלול",E8="לא רלוונטי"),0,IF(NOT(ISNUMBER(E8)),"קלט לא תקין",IF(E8<0,"קלט לא תקין",ROUND(D8*E8,2)))))))) | G8: 4087d0f4-41bf-46d9-92cb-1a32f43550c4 | H8: item
A9: 12.06 | B9: אספקה והתקנת לוחות Alucobond חלקים ברוחב 42 ס״מ, עם נתק 2 ס״מ בין הלוחות, בגמר כחול RAL 5012, על גבי שלד המתומחר בנפרד. גובה ואורך המעטפת {לפי הסניף}; עובי לוח {פרט תכנון, אינו מפורט במקור}. פרספקס ותאורה מתומחרים בנפרד. | C9: מ"ר | F9: =IF(ISBLANK(D9),"",IF(NOT(ISNUMBER(D9)),"קלט לא תקין",IF(D9<0,"קלט לא תקין",IF(ISBLANK(E9),"",IF(OR(E9="כלול",E9="לא רלוונטי"),0,IF(NOT(ISNUMBER(E9)),"קלט לא תקין",IF(E9<0,"קלט לא תקין",ROUND(D9*E9,2)))))))) | G9: e062b74d-4237-47e0-a444-785c70dd1ce0 | H9: item
A10: 12.07 | B10: אספקה והתקנת לוחות Alucobond מחוררים ברוחב 42 ס״מ, עם נתק 2 ס״מ בין הלוחות, בגמר כחול RAL 5012, על גבי שלד המתומחר בנפרד. גובה ואורך המעטפת {לפי הסניף}; עובי לוח {פרט תכנון, אינו מפורט במקור}. פרספקס ותאורה מתומחרים בנפרד. | C10: מ"ר | F10: =IF(ISBLANK(D10),"",IF(NOT(ISNUMBER(D10)),"קלט לא תקין",IF(D10<0,"קלט לא תקין",IF(ISBLANK(E10),"",IF(OR(E10="כלול",E10="לא רלוונטי"),0,IF(NOT(ISNUMBER(E10)),"קלט לא תקין",IF(E10<0,"קלט לא תקין",ROUND(D10*E10,2)))))))) | G10: cb910325-b9f3-453d-b7e0-9cf6dfb5954f | H10: item
H11: spacer
A12: 12 | B12: מסגרות ביפרש (המשך) | H12: heading
A13: סעיף | B13: תיאור עבודה | C13: יח׳ | D13: כמות | E13: מחיר יחידה | F13: סה״כ | H13: columns
A14: 12.08 | B14: אספקה והתקנת פרופיל הפרדה דקורטיבי מאלומיניום מכופף 80×50 מ״מ, בגמר לבן RAL 9003, בין אזורי מעטפת {זיהוי}. אורך ועיגון {לפי פרט הסניף}. | C14: מ.א. | F14: =IF(ISBLANK(D14),"",IF(NOT(ISNUMBER(D14)),"קלט לא תקין",IF(D14<0,"קלט לא תקין",IF(ISBLANK(E14),"",IF(OR(E14="כלול",E14="לא רלוונטי"),0,IF(NOT(ISNUMBER(E14)),"קלט לא תקין",IF(E14<0,"קלט לא תקין",ROUND(D14*E14,2)))))))) | G14: bc375460-a6ad-443b-9283-39151afa9d58 | H14: item
H15: spacer
H16: spacer
B17: סיכום חלקי פרק 12 להעברה | F17: =SUM(F4,F5,F6,F7,F8,F9,F10,F14) -> 0 | H17: total

Sheet זיגוג וחופת דלפק
A1: 13 | B1: זיגוג וחופת דלפק | G1: 0e5a14aa-9bf4-4548-9938-f5cfffa73598 | H1: chapter
A2: סעיף | B2: תיאור עבודה | C2: יח׳ | D2: כמות | E2: מחיר יחידה | F2: סה״כ | H2: columns
B3: לחופת הדלפק ולמדף הפנימי: זכוכית מחוסמת שקופה 10 מ״מ. חופה ומדף מתומחרים בנפרד. המחיר כולל את הפרזול, התמיכות והחיבורים המוגדרים לפריט; אורך וצורת הדלפק מותאמים לסניף. זיגוג אחר אינו נכלל אוטומטית במפרט החופה. | G3: c2ddd13f-b748-4789-bcfb-fc799a945e39 | H3: note
A4: 13.01 | B4: אספקה והתקנת חופת זכוכית לדלפק {זיהוי}, מזכוכית מחוסמת שקופה בעובי 10 מ״מ, ברוחב 60 ס״מ ובגובה 40 ס״מ, לרבות דפנות, פרזול וחיבור לפי הפרט. אורך, תוואי ופינות {לפי הסניף}; מדף פנימי מתומחר בנפרד. | C4: מ.א. | F4: =IF(ISBLANK(D4),"",IF(NOT(ISNUMBER(D4)),"קלט לא תקין",IF(D4<0,"קלט לא תקין",IF(ISBLANK(E4),"",IF(OR(E4="כלול",E4="לא רלוונטי"),0,IF(NOT(ISNUMBER(E4)),"קלט לא תקין",IF(E4<0,"קלט לא תקין",ROUND(D4*E4,2)))))))) | G4: 0758be5f-dc5e-49e8-82f8-e9f756071631 | H4: item
A5: 13.02 | B5: אספקה והתקנת מדף פנימי בחופת דלפק {זיהוי}, מזכוכית מחוסמת שקופה בעובי 10 מ״מ וברוחב 35 ס״מ, לרבות תמיכות וחיבור לפי הפרט. אורך וגובה התקנה {לפי הסניף}. | C5: מ.א. | F5: =IF(ISBLANK(D5),"",IF(NOT(ISNUMBER(D5)),"קלט לא תקין",IF(D5<0,"קלט לא תקין",IF(ISBLANK(E5),"",IF(OR(E5="כלול",E5="לא רלוונטי"),0,IF(NOT(ISNUMBER(E5)),"קלט לא תקין",IF(E5<0,"קלט לא תקין",ROUND(D5*E5,2)))))))) | G5: d5a0f1f9-7ef0-4b71-a688-57ad080ad214 | H5: item
A6: 13.03 | B6: אספקה והתקנת לוח זיגוג מטיפוס {זיהוי}, במידות {מידות}, בסוג ובעובי {מפרט}, לרבות חיבורים ופרזול שנקבעו לפרט. שלד המסגרת מתומחר בנפרד ככל שהוגדר בפרק המסגרות. | C6: יח' | F6: =IF(ISBLANK(D6),"",IF(NOT(ISNUMBER(D6)),"קלט לא תקין",IF(D6<0,"קלט לא תקין",IF(ISBLANK(E6),"",IF(OR(E6="כלול",E6="לא רלוונטי"),0,IF(NOT(ISNUMBER(E6)),"קלט לא תקין",IF(E6<0,"קלט לא תקין",ROUND(D6*E6,2)))))))) | G6: 862377fd-42e5-4b4c-b6d1-f8abddcc938e | H6: item
A7: 13.04 | B7: אספקה והתקנת לוחות פרספקס חלבי בעובי 4 מ״מ ובגובה 80 ס״מ בגב לוחות Alucobond מחוררים, כהכנה לתאורת LED אחורית. אורך וחלוקה {לפי הסניף}; שלד, Alucobond, גוף תאורה והזנה מתומחרים בנפרד. | C7: מ.א. | F7: =IF(ISBLANK(D7),"",IF(NOT(ISNUMBER(D7)),"קלט לא תקין",IF(D7<0,"קלט לא תקין",IF(ISBLANK(E7),"",IF(OR(E7="כלול",E7="לא רלוונטי"),0,IF(NOT(ISNUMBER(E7)),"קלט לא תקין",IF(E7<0,"קלט לא תקין",ROUND(D7*E7,2)))))))) | G7: 1bcf48e6-a29b-4913-83b9-671bd262ab26 | H7: item
H8: spacer
B9: סיכום חלקי פרק 13 להעברה | F9: =SUM(F4,F5,F6,F7) -> 0 | H9: total

Sheet משטחים ודפנות מיוחדים
A1: 14 | B1: משטחים ודפנות מיוחדים | G1: 7530b13f-fabb-41fe-9523-01f3cac97750 | H1: chapter
A2: סעיף | B2: תיאור עבודה | C2: יח׳ | D2: כמות | E2: מחיר יחידה | F2: סה״כ | H2: columns
B3: מפרט משטחים ודפנות: Corian בגוון/דגם Glacier White; משטח פנים 8 מ״מ, דפנות מדורגות 12 מ״מ וקופינג 40 מ״מ. המחירים כוללים עיבוד, פתחים, קנטים, פינות מעוגלות, הובלה והרכבה כמפורט. אורך ותוואי לפי הסניף. אין לחייב שוב אותם משטחים בנגרות או בציוד. | G3: b2b4daf5-d986-428a-b4e5-096166af4a0a | H3: note
A4: 14.01 | B4: אספקה והתקנת משטח עבודה Corian Glacier White בעובי 8 מ״מ, ברוחב 65–70 ס״מ, בפנים הדלפק או אי העבודה {זיהוי}, מעל משטחי העבודה והמקררים, כולל פתחים והתאמות לציוד. אורך ותוואי {לפי הסניף}. | C4: מ.א. | F4: =IF(ISBLANK(D4),"",IF(NOT(ISNUMBER(D4)),"קלט לא תקין",IF(D4<0,"קלט לא תקין",IF(ISBLANK(E4),"",IF(OR(E4="כלול",E4="לא רלוונטי"),0,IF(NOT(ISNUMBER(E4)),"קלט לא תקין",IF(E4<0,"קלט לא תקין",ROUND(D4*E4,2)))))))) | G4: 708ecb63-c3dc-40a7-a346-a91f5ad2bdf3 | H4: item
A5: 14.02 | B5: אספקה והתקנת דופן מדורגת Corian Glacier White בעובי 12 מ״מ וברוחב 26 ס״מ, עם פינות מעוגלות, על מסגרת מתכת המתומחרת בנפרד, באזור {זיהוי}. אורך ותוואי {לפי הסניף}. | C5: מ.א. | F5: =IF(ISBLANK(D5),"",IF(NOT(ISNUMBER(D5)),"קלט לא תקין",IF(D5<0,"קלט לא תקין",IF(ISBLANK(E5),"",IF(OR(E5="כלול",E5="לא רלוונטי"),0,IF(NOT(ISNUMBER(E5)),"קלט לא תקין",IF(E5<0,"קלט לא תקין",ROUND(D5*E5,2)))))))) | G5: c134bfb7-939b-496a-9e70-8a6a7a3d96c5 | H5: item
A6: 14.03 | B6: אספקה והתקנת קופינג Corian Glacier White בעובי 40 מ״מ וברוחב 20 ס״מ, עם פינות מעוגלות, על מחיצה מוגבהת בהיקף דלפק {זיהוי}. אורך ותוואי {לפי הסניף}; התשתית מתומחרת בנפרד. | C6: מ.א. | F6: =IF(ISBLANK(D6),"",IF(NOT(ISNUMBER(D6)),"קלט לא תקין",IF(D6<0,"קלט לא תקין",IF(ISBLANK(E6),"",IF(OR(E6="כלול",E6="לא רלוונטי"),0,IF(NOT(ISNUMBER(E6)),"קלט לא תקין",IF(E6<0,"קלט לא תקין",ROUND(D6*E6,2)))))))) | G6: 57282de5-e5a7-48d0-93db-d093957675c1 | H6: item
A7: 14.04 | B7: אספקה והתקנת דופן מדורגת Corian Glacier White בעובי 12 מ״מ וברוחב 29 ס״מ, עם פינות מעוגלות, על מסגרת מתכת המתומחרת בנפרד, באזור {זיהוי}. אורך ותוואי {לפי הסניף}. | C7: מ.א. | F7: =IF(ISBLANK(D7),"",IF(NOT(ISNUMBER(D7)),"קלט לא תקין",IF(D7<0,"קלט לא תקין",IF(ISBLANK(E7),"",IF(OR(E7="כלול",E7="לא רלוונטי"),0,IF(NOT(ISNUMBER(E7)),"קלט לא תקין",IF(E7<0,"קלט לא תקין",ROUND(D7*E7,2)))))))) | G7: aa3618dd-746f-4f87-affc-2f103d6e3fe9 | H7: item
A8: 14.05 | B8: אספקה והתקנת דופן מדורגת Corian Glacier White בעובי 12 מ״מ וברוחב 32 ס״מ, עם פינות מעוגלות, על מסגרת מתכת המתומחרת בנפרד, באזור {זיהוי}. אורך ותוואי {לפי הסניף}. | C8: מ.א. | F8: =IF(ISBLANK(D8),"",IF(NOT(ISNUMBER(D8)),"קלט לא תקין",IF(D8<0,"קלט לא תקין",IF(ISBLANK(E8),"",IF(OR(E8="כלול",E8="לא רלוונטי"),0,IF(NOT(ISNUMBER(E8)),"קלט לא תקין",IF(E8<0,"קלט לא תקין",ROUND(D8*E8,2)))))))) | G8: f73fa722-1ea6-4368-ad3b-c095740b75da | H8: item
H9: spacer
B10: סיכום חלקי פרק 14 להעברה | F10: =SUM(F4,F5,F6,F7,F8) -> 0 | H10: total

Sheet אספקות גמר נפרדות
A1: 15 | B1: אספקות גמר נפרדות | G1: 4d50a42d-8662-461f-a783-aee52c2ab469 | H1: chapter
A2: סעיף | B2: תיאור עבודה | C2: יח׳ | D2: כמות | E2: מחיר יחידה | F2: סה״כ | H2: columns
B3: פרק אספקות נפתח רק כשהאספקה נפרדת מהתקנה. מפרטי הגמר שנקבעו בשורות הרשת חלים גם על האספקה המקבילה; אין לבחור חומר אחר בשורת האספקה. דגמי גופי התאורה טרם בוססו כסטנדרט עדכני: BF-08. יש להגדיר לכל טיפוס גוף, מסילה או פרופיל סעיף עצמאי; התקנה והזנה בפרק החשמל. כמויות ופחת ייקבעו בפרויקט. | G3: 5ea8ad7f-0828-41b3-8b09-d4e8b0f57a07 | H3: note
A4: 15.01 | B4: אספקת אריחי ריצוף או חיפוי מטיפוס {זיהוי}, מחומר ודגם {מפרט}, במידה ובגמר {מפרט}. הובלה ופריקה: {תכולה}; התקנה מתומחרת בנפרד. | C4: מ"ר | F4: =IF(ISBLANK(D4),"",IF(NOT(ISNUMBER(D4)),"קלט לא תקין",IF(D4<0,"קלט לא תקין",IF(ISBLANK(E4),"",IF(OR(E4="כלול",E4="לא רלוונטי"),0,IF(NOT(ISNUMBER(E4)),"קלט לא תקין",IF(E4<0,"קלט לא תקין",ROUND(D4*E4,2)))))))) | G4: 400177af-7fe0-43eb-a111-588c4f445c3c | H4: item
A5: 15.02 | B5: אספקת כלי או אביזר סניטרי מטיפוס {זיהוי}, בדגם ובגמר {מפרט}, לרבות {אביזרים נלווים}. התקנה וחיבור מתומחרים בפרק האינסטלציה. | C5: יח' | F5: =IF(ISBLANK(D5),"",IF(NOT(ISNUMBER(D5)),"קלט לא תקין",IF(D5<0,"קלט לא תקין",IF(ISBLANK(E5),"",IF(OR(E5="כלול",E5="לא רלוונטי"),0,IF(NOT(ISNUMBER(E5)),"קלט לא תקין",IF(E5<0,"קלט לא תקין",ROUND(D5*E5,2)))))))) | G5: 46d13d85-a281-4238-ada6-b1d8c670556c | H5: item
A6: 15.03 | B6: אספקת גוף תאורה מטיפוס {זיהוי}, במפרט ובדגם {מפרט}, עם {ספק, דרייבר ואביזרים נלווים לפי הנדרש}. התקנה ונקודת הזנה מתומחרות בפרק החשמל. | C6: יח' | F6: =IF(ISBLANK(D6),"",IF(NOT(ISNUMBER(D6)),"קלט לא תקין",IF(D6<0,"קלט לא תקין",IF(ISBLANK(E6),"",IF(OR(E6="כלול",E6="לא רלוונטי"),0,IF(NOT(ISNUMBER(E6)),"קלט לא תקין",IF(E6<0,"קלט לא תקין",ROUND(D6*E6,2)))))))) | G6: 50741612-b365-4216-8cd4-e3c8884dd716 | H6: item
H7: spacer
B8: סיכום חלקי פרק 15 להעברה | F8: =SUM(F4,F5,F6) -> 0 | H8: total

Sheet מיזוג ואוורור
A1: 16 | B1: מיזוג ואוורור | G1: 044361b7-a153-40d6-9552-4292637bb427 | H1: chapter
A2: סעיף | B2: תיאור עבודה | C2: יח׳ | D2: כמות | E2: מחיר יחידה | F2: סה״כ | H2: columns
B3: תוכן מערכת זו יושלם בפרויקט לפי תכנון היועץ ורשימת הציוד המאושרים. שורות התבנית מגדירות גבולות תכולה ואינן מפרט הנדסי מלא. אין להסיק מהפעלת הפרק שהמערכת נדרשת בכל אתר. | G3: e89605ed-c940-4327-bd98-9501b7725240 | H3: note
A4: 16.01 | B4: ביצוע מערכת מיזוג ואוורור בתכולת {מערכת מוגדרת}, לפי תכנון {הפניה}, לרבות {אספקה, התקנה, חיבור והפעלה}. גבולות מול חשמל, ניקוז ותקרות: {פירוט}. | C4: קומפ' | F4: =IF(ISBLANK(D4),"",IF(NOT(ISNUMBER(D4)),"קלט לא תקין",IF(D4<0,"קלט לא תקין",IF(ISBLANK(E4),"",IF(OR(E4="כלול",E4="לא רלוונטי"),0,IF(NOT(ISNUMBER(E4)),"קלט לא תקין",IF(E4<0,"קלט לא תקין",ROUND(D4*E4,2)))))))) | G4: eb037280-056d-42ef-a362-1f0023849d3e | H4: item
H5: spacer
H6: spacer
B7: סיכום חלקי פרק 16 להעברה | F7: =SUM(F4) -> 0 | H7: total

Sheet ציוד מטבח ונירוסטה
A1: 17 | B1: ציוד מטבח ונירוסטה | G1: cb524d1f-62a7-4303-acfe-7f207f94b8d6 | H1: chapter
A2: סעיף | B2: תיאור עבודה | C2: יח׳ | D2: כמות | E2: מחיר יחידה | F2: סה״כ | H2: columns
B3: תוכן מערכת זו יושלם בפרויקט לפי תכנון היועץ ורשימת הציוד המאושרים. שורות התבנית מגדירות גבולות תכולה ואינן מפרט הנדסי מלא. אין להסיק מהפעלת הפרק שהמערכת נדרשת בכל אתר. | G3: 8b3c1c07-f9b4-4244-ac0a-e02bcb47a252 | H3: note
A4: 17.01 | B4: אספקה והתקנת פריט ציוד מטבח או נירוסטה {זיהוי}, לפי רשימת ציוד {הפניה}, בתכולת {מפרט}, עם גבולות חיבור למערכות {פירוט}. | C4: יח' | F4: =IF(ISBLANK(D4),"",IF(NOT(ISNUMBER(D4)),"קלט לא תקין",IF(D4<0,"קלט לא תקין",IF(ISBLANK(E4),"",IF(OR(E4="כלול",E4="לא רלוונטי"),0,IF(NOT(ISNUMBER(E4)),"קלט לא תקין",IF(E4<0,"קלט לא תקין",ROUND(D4*E4,2)))))))) | G4: 43ed42ac-04e6-42ed-bcfb-ba2ea0937ba3 | H4: item
H5: spacer
H6: spacer
B7: סיכום חלקי פרק 17 להעברה | F7: =SUM(F4) -> 0 | H7: total

Sheet הכנות ומערכת גז
A1: 18 | B1: הכנות ומערכת גז | G1: eaf4a6ee-6dd6-4504-87ec-302f84ef4b45 | H1: chapter
A2: סעיף | B2: תיאור עבודה | C2: יח׳ | D2: כמות | E2: מחיר יחידה | F2: סה״כ | H2: columns
B3: מערכת הגז נפתחת רק כשנדרשת בתכנון הפרויקט. תשתית, אביזרים, בדיקות וגבולות חיבור ייקבעו במפרט המתכנן והגורם המבצע; אין הנחת סוג צנרת, צובר קיים או מיקום ציוד מהארכיון. | G3: bd0cb7cf-2954-4926-8dd0-9e6dd447fb29 | H3: note
A4: 18.01 | B4: ביצוע נקודת גז עבור {ציוד מזוהה}, לפי תכנון {הפניה}, לרבות התשתית ואביזרי החיבור בתכולת {מפרט}. גבולות אחריות אספקת המערכת, חיבור הציוד ובדיקות: {פירוט}. | C4: נק' | F4: =IF(ISBLANK(D4),"",IF(NOT(ISNUMBER(D4)),"קלט לא תקין",IF(D4<0,"קלט לא תקין",IF(ISBLANK(E4),"",IF(OR(E4="כלול",E4="לא רלוונטי"),0,IF(NOT(ISNUMBER(E4)),"קלט לא תקין",IF(E4<0,"קלט לא תקין",ROUND(D4*E4,2)))))))) | G4: 11c1874d-e02a-4d99-bae8-6e1f6ed480bb | H4: item
H5: spacer
H6: spacer
B7: סיכום חלקי פרק 18 להעברה | F7: =SUM(F4) -> 0 | H7: total

Sheet כיבוי וגילוי
A1: 19 | B1: כיבוי וגילוי | G1: 422ba6c0-3a4d-491c-b266-dae2195b3cce | H1: chapter
A2: סעיף | B2: תיאור עבודה | C2: יח׳ | D2: כמות | E2: מחיר יחידה | F2: סה״כ | H2: columns
B3: תוכן מערכת זו יושלם בפרויקט לפי תכנון היועץ ורשימת הציוד המאושרים. שורות התבנית מגדירות גבולות תכולה ואינן מפרט הנדסי מלא. אין להסיק מהפעלת הפרק שהמערכת נדרשת בכל אתר. | G3: 081bd666-a85d-432b-a361-7d4d2a7a0724 | H3: note
A4: 19.01 | B4: ביצוע מערכת כיבוי {סוג מערכת מוגדר}, לפי תכנון בטיחות וכיבוי {הפניה}, בגבולות {תכולה ואחריות}, עם הממשקים למערכות האחרות כמפורט. | C4: קומפ' | F4: =IF(ISBLANK(D4),"",IF(NOT(ISNUMBER(D4)),"קלט לא תקין",IF(D4<0,"קלט לא תקין",IF(ISBLANK(E4),"",IF(OR(E4="כלול",E4="לא רלוונטי"),0,IF(NOT(ISNUMBER(E4)),"קלט לא תקין",IF(E4<0,"קלט לא תקין",ROUND(D4*E4,2)))))))) | G4: 7582ad5a-817c-4a6e-89fa-aed0e5d540f5 | H4: item
A5: 19.02 | B5: ביצוע מערכת גילוי או התרעה {סוג מערכת מוגדר}, לפי תכנון {הפניה}, בגבולות {תכולה ואחריות}, עם ההכנות והחיבורים המפורטים. | C5: קומפ' | F5: =IF(ISBLANK(D5),"",IF(NOT(ISNUMBER(D5)),"קלט לא תקין",IF(D5<0,"קלט לא תקין",IF(ISBLANK(E5),"",IF(OR(E5="כלול",E5="לא רלוונטי"),0,IF(NOT(ISNUMBER(E5)),"קלט לא תקין",IF(E5<0,"קלט לא תקין",ROUND(D5*E5,2)))))))) | G5: 2c1bc97f-7c6f-4322-bd74-8d582df9ab9d | H5: item
H6: spacer
H7: spacer
B8: סיכום חלקי פרק 19 להעברה | F8: =SUM(F4,F5) -> 0 | H8: total

Sheet שילוט ומיתוג
A1: 20 | B1: שילוט ומיתוג | G1: 63ea7e18-6a0d-4990-8cdb-03d40038c15c | H1: chapter
A2: סעיף | B2: תיאור עבודה | C2: יח׳ | D2: כמות | E2: מחיר יחידה | F2: סה״כ | H2: columns
B3: תוכן מערכת זו יושלם בפרויקט לפי תכנון היועץ ורשימת הציוד המאושרים. שורות התבנית מגדירות גבולות תכולה ואינן מפרט הנדסי מלא. אין להסיק מהפעלת הפרק שהמערכת נדרשת בכל אתר. | G3: 85d398ac-d801-45b6-ad38-25eaa60363a8 | H3: note
A4: 20.01 | B4: אספקה והתקנת שילוט או אותיות מטיפוס {זיהוי}, במידות ובחומר {מפרט}, בגמר {גמר}, לרבות {תאורה, ספק, פרזול והתקנה}. תשתית והזנה מתומחרות בנפרד אם צוינו בפרק החשמל. | C4: יח' | F4: =IF(ISBLANK(D4),"",IF(NOT(ISNUMBER(D4)),"קלט לא תקין",IF(D4<0,"קלט לא תקין",IF(ISBLANK(E4),"",IF(OR(E4="כלול",E4="לא רלוונטי"),0,IF(NOT(ISNUMBER(E4)),"קלט לא תקין",IF(E4<0,"קלט לא תקין",ROUND(D4*E4,2)))))))) | G4: b419cbf9-e1c1-4cbb-b922-551bda1c93e2 | H4: item
H5: spacer
H6: spacer
B7: סיכום חלקי פרק 20 להעברה | F7: =SUM(F4) -> 0 | H7: total

Sheet ריהוט נייד
A1: 21 | B1: ריהוט נייד | G1: 5d74e8dc-9ffe-438f-844c-d5b9d72d6154 | H1: chapter
A2: סעיף | B2: תיאור עבודה | C2: יח׳ | D2: כמות | E2: מחיר יחידה | F2: סה״כ | H2: columns
B3: מחיר כל פריט נגרות כולל את החומרים, החיפויים, הפרזול, הגמר, ההובלה וההרכבה שפורטו בסעיף. רכיבי מתכת, משטחי אבן או חומר מיוחד, זיגוג וציוד שמופיעים בפרק נפרד מוחרגים ממחיר הנגרות. מידות, גוונים ודגמים יושלמו לכל פריט. | G3: 9d72ad11-d181-4a95-8f42-8f46cb7a5c8d | H3: note
A4: 21.01 | B4: אספקת פריט ריהוט נייד מטיפוס {זיהוי}, בדגם ובגמר {מפרט}, לרבות {הובלה והרכבה}. | C4: יח' | F4: =IF(ISBLANK(D4),"",IF(NOT(ISNUMBER(D4)),"קלט לא תקין",IF(D4<0,"קלט לא תקין",IF(ISBLANK(E4),"",IF(OR(E4="כלול",E4="לא רלוונטי"),0,IF(NOT(ISNUMBER(E4)),"קלט לא תקין",IF(E4<0,"קלט לא תקין",ROUND(D4*E4,2)))))))) | G4: efa2d487-7bff-4c57-9999-f2892375b0fe | H4: item
H5: spacer
H6: spacer
B7: סיכום חלקי פרק 21 להעברה | F7: =SUM(F4) -> 0 | H7: total

Sheet ריכוז עלויות
B1: ריכוז עלויות
A2: פרק | B2: תיאור | E2: סה״כ
A3: 1 | B3: פירוק והריסה | E3: ='פירוק והריסה'!F12 -> 0
A4: 2 | B4: מחיצות והכנות לדלפק | E4: ='מחיצות והכנות לדלפק'!F10 -> 0
A5: 3 | B5: אינסטלציה ותברואה | E5: ='אינסטלציה ותברואה'!F12 -> 0
A6: 4 | B6: חשמל והכנות תקשורת | E6: ='חשמל והכנות תקשורת'!F15 -> 0
A7: 5 | B7: הכנות רצפה והגבהות | E7: ='הכנות רצפה והגבהות'!F7 -> 0
A8: 6 | B8: איטום | E8: ='איטום'!F7 -> 0
A9: 7 | B9: דלתות בחנות או בחדר שירות | E9: ='דלתות בחנות או בחדר שירות'!F7 -> 0
A10: 8 | B10: ריצוף וחיפוי הדלפק | E10: ='ריצוף וחיפוי הדלפק'!F11 -> 0
A11: 9 | B11: תקרה וקרניזים לדוכן | E11: ='תקרה וקרניזים לדוכן'!F8 -> 0
A12: 10 | B12: צבע וגמר | E12: ='צבע וגמר'!F8 -> 0
A13: 11 | B13: נגרות ביפרש | E13: ='נגרות ביפרש'!F11 -> 0
A14: 12 | B14: מסגרות ביפרש | E14: ='מסגרות ביפרש'!F17 -> 0
A15: 13 | B15: זיגוג וחופת דלפק | E15: ='זיגוג וחופת דלפק'!F9 -> 0
A16: 14 | B16: משטחים ודפנות מיוחדים | E16: ='משטחים ודפנות מיוחדים'!F10 -> 0
A17: 15 | B17: אספקות גמר נפרדות | E17: ='אספקות גמר נפרדות'!F8 -> 0
A18: 16 | B18: מיזוג ואוורור | E18: ='מיזוג ואוורור'!F7 -> 0
A19: 17 | B19: ציוד מטבח ונירוסטה | E19: ='ציוד מטבח ונירוסטה'!F7 -> 0
A20: 18 | B20: הכנות ומערכת גז | E20: ='הכנות ומערכת גז'!F7 -> 0
A21: 19 | B21: כיבוי וגילוי | E21: ='כיבוי וגילוי'!F8 -> 0
A22: 20 | B22: שילוט ומיתוג | E22: ='שילוט ומיתוג'!F7 -> 0
A23: 21 | B23: ריהוט נייד | E23: ='ריהוט נייד'!F7 -> 0
B24: סכומים חלקיים — קיימים סעיפים ללא תמחור מלא
B25: סה״כ | E25: =SUM(E3:E23) -> 0
B26: =IF(ISNUMBER('שער'!F14),"מע"&CHAR(34)&"מ ("&'שער'!F14&"%)","מע"&CHAR(34)&"מ (לא הוגדר)") -> מע״מ (18%) | E26: =IF(ISBLANK('שער'!F14),"",IF(ISNUMBER('שער'!F14),ROUND(E25*'שער'!F14/100,2),"קלט לא תקין")) -> 0
B27: סה״כ כולל מע״מ | E27: =IF(ISNUMBER(E26),SUM(E25,E26),"") -> 0
