Workbook

Sheet שער
B2: פירוט טכני וכתב כמויות
B4: בדיקת הפקה
B8: 2026-10-28
B12: נחלת יצחק 34 ת"א | טל- 0505241244
H13: spacer
F14: 18

Sheet מקרא והנחיות
B1: מקרא ותוכן עניינים
A2: פרק | B2: שם הפרק | F2: עמוד
A3: 1 | B3: בנייה ומחיצות פנים | F3: 3
A4: 2 | B4: אינסטלציה ותברואה | F4: 4
A5: 3 | B5: חשמל והכנות תקשורת | F5: 5
A6: 4 | B6: איטום | F6: 6
A7: 5 | B7: דלתות פנים | F7: 7
A8: 6 | B8: ריצוף וחיפוי | F8: 8
A9: 7 | B9: תקרות והנמכות | F9: 9
A10: 8 | B10: צבע וגמרים דקורטיביים | F10: 10
A11: 9 | B11: נגרות ייעודית | F11: 11
H12: spacer
H13: spacer
B14: הנחיות והערות כלליות לקבלן
A15: 1. יש להגיש הצעה לפי הסעיפים והתכולות שבמסמך הפרויקט. יש להעביר לבירור אי־התאמה, גבול תכולה לא ברור או פרט חסר לפני ביצוע העבודה הנוגעת להם.
A16: 2. אספקה, התקנה, תשתית וחיבור בידי קבלנים או ספקים שונים יפורטו בנפרד. אין להסיק אחריות רק מהופעת שם ספק או מהסימון קיים.
A17: 3. פרטי ביצוע, מידות, גוונים ודגמים יושלמו לפי מסמכי הפרויקט המאושרים. אין להשתמש בערכים זמניים או במידע מפרויקט קודם כנתוני ביצוע.
A18: 4. לכל רכיב תכולת תמחור אחת. אספקה או עבודה המופיעות בפרק נפרד יוחרגו ממחיר הפריט שבו היו עלולות להיכלל שוב.
A19: 5. תכניות ופרטים החלים על ההצעה: {רשימת מסמכים ומהדורות לפרויקט}. פרטי הקבלן, חתימה וחותמת יושלמו בעותק ההצעה.
H20: spacer

Sheet _BOQ_META
A1: BOQ_WORKBOOK | B1: 4 | C1: contractor | D1: 563cb228-6009-4ed9-8207-4fba8d2c7f75 | E1: c7430ad0-2cc9-4032-9c6f-7c83eeb7f184 | F1: restaurant | G1: ["03d59d56-c27a-42a3-ab4c-d61e682982fc","11ef6001-1e3d-43a0-9286-9afe837d7789","5f85f0b8-5734-4b1e-9a7b-f063c8910e82","6f2683a1-70d2-4897-89a4-b33ec4ca5626","f9a7c4af-0b37-41be-b798-862f50401d6b","d0475702-808e-432b-bba2-cd196c201e2f","6a35879c-b178-4eeb-9e1d-f80137786a7e","10b5e60d-a50d-4dfa-91cc-ad55955715f8","0b4b841f-46a6-4a52-9062-31947a4bc690"]
A2: layout | B2: {"font":"Assistant","sideMarginMm":6.35,"verticalMarginMm":19.05} | C2: {"title":[{"sheet":"שער","cell":"B4"}],"location":[{"sheet":"שער","cell":"B5"}],"client":[{"sheet":"שער","cell":"B6"}],"date":[{"sheet":"שער","cell":"B8"}],"office":[{"sheet":"שער","cell":"B12"}],"revision":[{"sheet":"שער","cell":"B14"}],"contractor":[{"sheet":"שער","cell":"D14"}],"vat":[{"sheet":"שער","cell":"F14"}],"instructions":[{"sheet":"מקרא והנחיות","cell":"A15"},{"sheet":"מקרא והנחיות","cell":"A16"},{"sheet":"מקרא והנחיות","cell":"A17"},{"sheet":"מקרא והנחיות","cell":"A18"},{"sheet":"מקרא והנחיות","cell":"A19"}]} | D2: {"width":2836,"height":771,"sha256":"11e4cb844c2fce059d04ea30f256087da08ced63e5ed936793dfe2e25a583992"}
A3: chapterId | B3: sheet | C3: active | D3: rowIds
A4: 03d59d56-c27a-42a3-ab4c-d61e682982fc | B4: בנייה ומחיצות פנים | C4: 1 | D4: ["c85694ab-6f62-4beb-9580-ac47dda132e5","68f35a79-3f43-45c5-b583-5a44a73ad91d","a36ea3da-4586-4b8c-aae4-f1a9bf8681aa","04d319d0-5b75-4fde-a02e-5af838380df3","67b4865f-5116-4810-bfb3-244d566f7b2d","66893097-5c2b-44c1-a19f-4fca8fd4939e","4b621313-0499-414f-aaec-242be6afb774"]
A5: 11ef6001-1e3d-43a0-9286-9afe837d7789 | B5: אינסטלציה ותברואה | C5: 1 | D5: ["7692147f-aa7a-4dc0-bea3-365b671c14fd","5fe460c9-0e85-4a41-9c82-305ebc578072","1a27c6a8-4760-4cd7-9c1b-ed4e7cc22079","385e4b6e-150a-4315-9858-582bee9def0d","d4484165-4ad4-4e64-b7cf-d50d011c1ee0","778e0c76-8624-4c62-bf2a-37fa6f970b96","10b14c73-518c-423d-bc14-ca581fd64ecf","2a13001e-9c4b-4c63-8216-457559a3e03e","7253c12d-e083-4e2a-beee-93890e25edb9"]
A6: 5f85f0b8-5734-4b1e-9a7b-f063c8910e82 | B6: חשמל והכנות תקשורת | C6: 1 | D6: ["06066cd1-928d-46f9-ad61-baa55f2bd587","57e5a953-b698-42f3-a82b-82897b91ab86","8a430625-1d72-48c0-9aaf-88bb56e0f3f5","11be422c-d9c9-4269-95dd-1f7d53884679","9d74cf44-22f7-45e8-b6c9-76e2d610ec3b","11afc80f-8238-4b51-b4b1-37b207036eda","559ba254-340a-4a1b-ae77-18f9fa2e246c","658c8e28-7d7f-45db-a7ac-048775421bfa","82e93219-a648-4148-a934-71ba273b02a5","69580e8e-a909-4078-917e-03f13df9facf","1126909b-01c9-4fdc-81b3-4d8979dd7632"]
A7: 6f2683a1-70d2-4897-89a4-b33ec4ca5626 | B7: איטום | C7: 1 | D7: ["03d61e20-f019-4810-8cc3-5f9b57efd758","3734477c-55b4-4323-a607-15eb2b18bd90"]
A8: f9a7c4af-0b37-41be-b798-862f50401d6b | B8: דלתות פנים | C8: 1 | D8: ["5b223e84-1a9a-4568-956b-9715e835f30e","88495559-2a10-49fa-b0e9-c10f1ceed30c"]
A9: d0475702-808e-432b-bba2-cd196c201e2f | B9: ריצוף וחיפוי | C9: 1 | D9: ["9e1c3338-7a47-498e-904b-37cb03565b24","67a7cd5d-ddca-4d6f-bc37-93427abd9944","59fe2f39-61b5-460d-87c1-fd49f29b26c0","284479ea-b8a7-4a99-8180-9a0cb7cf2421","a05cf1de-6de4-4a07-a03d-84c1da87c0c9"]
A10: 6a35879c-b178-4eeb-9e1d-f80137786a7e | B10: תקרות והנמכות | C10: 1 | D10: ["0677e71c-10a8-4c76-b375-97e2900130af","48a3e998-8fd3-4e61-9a45-64d6e314a616","18da1c9b-0971-44a8-a5c2-acfb9a6a44ad","0030e557-f3e2-4d0f-81c5-c9e732042415","a25f52b2-c071-41de-87d0-827d78e67560"]
A11: 10b5e60d-a50d-4dfa-91cc-ad55955715f8 | B11: צבע וגמרים דקורטיביים | C11: 1 | D11: ["e90765e1-3862-4bcc-ba13-1ad9c0ec4ffc","fac06922-5aef-439f-8e92-f3687b6fb478","a8c389dd-53ba-4b0e-b02f-0fa30435627b","92ecb106-b537-4ff6-9a8f-8c795522fafd"]
A12: 0b4b841f-46a6-4a52-9062-31947a4bc690 | B12: נגרות ייעודית | C12: 1 | D12: ["eed6b46b-41ba-4030-b3e6-ad9e52816f49","a4c5ce7c-1905-4c19-976b-a0c77301b8f3","070029a7-8858-4f72-a935-b6286e7e1b8e","5e1bd1f0-1c55-45e6-b307-c3ea94e7c2c2","0b184f70-a982-4b94-988b-799479827245","2768e6ee-f41d-41f8-9b54-411026fd5d7d","ca35bfa7-f8d1-429b-8ba0-ab12ceff85a2","efc066f3-a36e-4127-83e7-41d23354b6d6","fabe18ed-f7f3-4021-bba8-927866845dd2","58b39d07-1e4e-4a47-8881-80a2606e99a6","533b5a6c-0e64-48bd-af8a-0b3ff4688c51","b4d0bba7-3d75-4a74-a51e-5eba76b4308c","1a325ab6-edd5-4e90-a936-53c3ff0f5fa8"]

Sheet בנייה ומחיצות פנים
A1: 1 | B1: בנייה ומחיצות פנים | G1: 03d59d56-c27a-42a3-ab4c-d61e682982fc | H1: chapter
A2: סעיף | B2: תיאור עבודה | C2: יח׳ | D2: כמות | E2: מחיר יחידה | F2: סה״כ | H2: columns
B3: מחירי המחיצות כוללים את רכיבי המערכת, התשתית, החיבורים והגמר המוגדרים בסעיף. סוגי לוחות, שכבות, בידוד ועיגון יושלמו לפי הפרויקט. גמר צבע וחיפוי מתומחרים בפרקים המיועדים להם, אלא אם הוגדר אחרת במפורש. | G3: c85694ab-6f62-4beb-9580-ac47dda132e5 | H3: note
A4: 1.01 | B4: הקמת מחיצת פנים במערכת בנייה יבשה באזור {אזור}. גובה: {גובה}; עובי ומבנה המערכת: {מפרט}; לוחות: {סוג ושכבות}; בידוד: {מפרט}; בסיס ועיגון: {פרט}. | C4: מ"ר | D4: 0.5 | E4: 2469135.8 | F4: =IF(ISBLANK(D4),"",IF(NOT(ISNUMBER(D4)),"קלט לא תקין",IF(D4<0,"קלט לא תקין",IF(ISBLANK(E4),"",IF(OR(E4="כלול",E4="לא רלוונטי"),0,IF(NOT(ISNUMBER(E4)),"קלט לא תקין",IF(E4<0,"קלט לא תקין",ROUND(D4*E4,2)))))))) -> 1234567.9 | G4: 68f35a79-3f43-45c5-b583-5a44a73ad91d | H4: item
A5: 1.02 | B5: ביצוע עיבוי או חיפוי קיר קיים במערכת {סוג}, בגובה {גובה}, באזור {אזור}, לצורך {ייעוד}, לרבות תשתית וחיבורים כמפורט. | C5: מ"ר | F5: =IF(ISBLANK(D5),"",IF(NOT(ISNUMBER(D5)),"קלט לא תקין",IF(D5<0,"קלט לא תקין",IF(ISBLANK(E5),"",IF(OR(E5="כלול",E5="לא רלוונטי"),0,IF(NOT(ISNUMBER(E5)),"קלט לא תקין",IF(E5<0,"קלט לא תקין",ROUND(D5*E5,2)))))))) | G5: a36ea3da-4586-4b8c-aae4-f1a9bf8681aa | H5: item
A6: 1.03 | B6: הקמת מחיצה נמוכה כתשתית לדלפק או להפרדה באזור {אזור}, בגובה ובחתך {מידות}, במערכת {סוג}, לרבות {תכולה ועיגון}. | C6: מ.א. | F6: =IF(ISBLANK(D6),"",IF(NOT(ISNUMBER(D6)),"קלט לא תקין",IF(D6<0,"קלט לא תקין",IF(ISBLANK(E6),"",IF(OR(E6="כלול",E6="לא רלוונטי"),0,IF(NOT(ISNUMBER(E6)),"קלט לא תקין",IF(E6<0,"קלט לא תקין",ROUND(D6*E6,2)))))))) | G6: 04d319d0-5b75-4fde-a02e-5af838380df3 | H6: item
A7: 1.04 | B7: אספקה והתקנת מגן פינה מנירוסטה מטיפוס {טיפוס}, במידות {מידות}, עובי וגמר {מפרט}, על תשתית {סוג} ובאופן חיבור {פרט}. | C7: יח' | F7: =IF(ISBLANK(D7),"",IF(NOT(ISNUMBER(D7)),"קלט לא תקין",IF(D7<0,"קלט לא תקין",IF(ISBLANK(E7),"",IF(OR(E7="כלול",E7="לא רלוונטי"),0,IF(NOT(ISNUMBER(E7)),"קלט לא תקין",IF(E7<0,"קלט לא תקין",ROUND(D7*E7,2)))))))) | G7: 67b4865f-5116-4810-bfb3-244d566f7b2d | H7: item
A8: 1.05 | B8: אספקה והתקנת מגן קצה מנירוסטה מטיפוס {טיפוס}, במידות {מידות}, עובי וגמר {מפרט}, על תשתית {סוג} ובאופן חיבור {פרט}. | C8: יח' | F8: =IF(ISBLANK(D8),"",IF(NOT(ISNUMBER(D8)),"קלט לא תקין",IF(D8<0,"קלט לא תקין",IF(ISBLANK(E8),"",IF(OR(E8="כלול",E8="לא רלוונטי"),0,IF(NOT(ISNUMBER(E8)),"קלט לא תקין",IF(E8<0,"קלט לא תקין",ROUND(D8*E8,2)))))))) | G8: 66893097-5c2b-44c1-a19f-4fca8fd4939e | H8: item
A9: 1.06 | B9: אספקה והתקנת משקוף נירוסטה לפתח {זיהוי וייעוד}, במידות {מידות}, עובי וגמר {מפרט}, לרבות החיבורים והעיגון שנקבעו לפריט. | C9: יח' | F9: =IF(ISBLANK(D9),"",IF(NOT(ISNUMBER(D9)),"קלט לא תקין",IF(D9<0,"קלט לא תקין",IF(ISBLANK(E9),"",IF(OR(E9="כלול",E9="לא רלוונטי"),0,IF(NOT(ISNUMBER(E9)),"קלט לא תקין",IF(E9<0,"קלט לא תקין",ROUND(D9*E9,2)))))))) | G9: 4b621313-0499-414f-aaec-242be6afb774 | H9: item
H10: spacer
B11: סיכום חלקי פרק 1 להעברה | F11: =SUM(F4,F5,F6,F7,F8,F9) -> 1234567.9 | H11: total

Sheet אינסטלציה ותברואה
A1: 2 | B1: אינסטלציה ותברואה | G1: 11ef6001-1e3d-43a0-9286-9afe837d7789 | H1: chapter
A2: סעיף | B2: תיאור עבודה | C2: יח׳ | D2: כמות | E2: מחיר יחידה | F2: סה״כ | H2: columns
B3: מערכת המים והדלוחין תבוצע לפי תכנון הפרויקט. המחירים כוללים צנרת ואביזרי תשתית, חיבורים, הכנות ובדיקות כפי שנקבעו במפרט. אספקת כלים סניטריים וציוד אינה כלולה בסעיפי התקנה בלבד. קיום מערכת באתר אינו מעיד שאינה דורשת התאמה. | G3: 7692147f-aa7a-4dc0-bea3-365b671c14fd | H3: note
A4: 2.01 | B4: ביצוע או התאמת מערכת מים ודלוחין באזור {אזור}, בין נקודות החיבור {תחילה וסיום}, לרבות {צנרת, אביזרים ומתקנים}, לפי תכנון {הפניה}. חיבור למערכת קיימת יוגדר לפי מצב האתר שנבדק. | C4: קומפ' | F4: =IF(ISBLANK(D4),"",IF(NOT(ISNUMBER(D4)),"קלט לא תקין",IF(D4<0,"קלט לא תקין",IF(ISBLANK(E4),"",IF(OR(E4="כלול",E4="לא רלוונטי"),0,IF(NOT(ISNUMBER(E4)),"קלט לא תקין",IF(E4<0,"קלט לא תקין",ROUND(D4*E4,2)))))))) | G4: 5fe460c9-0e85-4a41-9c82-305ebc578072 | H4: item
A5: 2.02 | B5: ביצוע נקודת מים חמים וקרים ודלוחין עבור {כיור או ציוד}, לפי תכנון הפרויקט, לרבות הצנרת ואביזרי החיבור בגבולות {תכולה}. התקנת האביזר ואספקתו: {כלולות או מוחרגות}. | C5: נק' | F5: =IF(ISBLANK(D5),"",IF(NOT(ISNUMBER(D5)),"קלט לא תקין",IF(D5<0,"קלט לא תקין",IF(ISBLANK(E5),"",IF(OR(E5="כלול",E5="לא רלוונטי"),0,IF(NOT(ISNUMBER(E5)),"קלט לא תקין",IF(E5<0,"קלט לא תקין",ROUND(D5*E5,2)))))))) | G5: 1a27c6a8-4760-4cd7-9c1b-ed4e7cc22079 | H5: item
A6: 2.03 | B6: ביצוע נקודת מים קרים ודלוחין עבור {כיור או ציוד}, לפי תכנון הפרויקט, לרבות הצנרת ואביזרי החיבור בגבולות {תכולה}. | C6: נק' | F6: =IF(ISBLANK(D6),"",IF(NOT(ISNUMBER(D6)),"קלט לא תקין",IF(D6<0,"קלט לא תקין",IF(ISBLANK(E6),"",IF(OR(E6="כלול",E6="לא רלוונטי"),0,IF(NOT(ISNUMBER(E6)),"קלט לא תקין",IF(E6<0,"קלט לא תקין",ROUND(D6*E6,2)))))))) | G6: 385e4b6e-150a-4315-9858-582bee9def0d | H6: item
A7: 2.04 | B7: ביצוע נקודת דלוחין עצמאית עבור {ציוד או ייעוד}, לרבות חיבור וסיום לפי תכנון הפרויקט. אין לכלול שוב ניקוז שכבר נכלל בנקודת מים משולבת. | C7: נק' | F7: =IF(ISBLANK(D7),"",IF(NOT(ISNUMBER(D7)),"קלט לא תקין",IF(D7<0,"קלט לא תקין",IF(ISBLANK(E7),"",IF(OR(E7="כלול",E7="לא רלוונטי"),0,IF(NOT(ISNUMBER(E7)),"קלט לא תקין",IF(E7<0,"קלט לא תקין",ROUND(D7*E7,2)))))))) | G7: d4484165-4ad4-4e64-b7cf-d50d011c1ee0 | H7: item
A8: 2.05 | B8: ביצוע נקודת ניקוז למיזוג אוויר מטיפוס {טיפוס}, לפי תכנון המיזוג והתברואה; קצה וגבול החיבור לקבלן המיזוג: {פירוט}. | C8: נק' | F8: =IF(ISBLANK(D8),"",IF(NOT(ISNUMBER(D8)),"קלט לא תקין",IF(D8<0,"קלט לא תקין",IF(ISBLANK(E8),"",IF(OR(E8="כלול",E8="לא רלוונטי"),0,IF(NOT(ISNUMBER(E8)),"קלט לא תקין",IF(E8<0,"קלט לא תקין",ROUND(D8*E8,2)))))))) | G8: 778e0c76-8624-4c62-bf2a-37fa6f970b96 | H8: item
A9: 2.06 | B9: התקנת תעלת ניקוז מטיפוס {טיפוס}, במידות {מידות}, על התשתית המוגדרת, וחיבורה למערכת הניקוז. אספקת התעלה, עיגון ואיטום המפגש: {חלוקת אחריות}. | C9: יח' | F9: =IF(ISBLANK(D9),"",IF(NOT(ISNUMBER(D9)),"קלט לא תקין",IF(D9<0,"קלט לא תקין",IF(ISBLANK(E9),"",IF(OR(E9="כלול",E9="לא רלוונטי"),0,IF(NOT(ISNUMBER(E9)),"קלט לא תקין",IF(E9<0,"קלט לא תקין",ROUND(D9*E9,2)))))))) | G9: 10b14c73-518c-423d-bc14-ca581fd64ecf | H9: item
A10: 2.07 | B10: התקנת מכל הדחה סמוי וכלי סניטרי מטיפוס {טיפוס} על תשתית {בלוק או מערכת אחרת}, לרבות חיבורים ותכולת ההתקנה שנקבעה. אספקת הכלי והמכל: {אחריות}. | C10: יח' | F10: =IF(ISBLANK(D10),"",IF(NOT(ISNUMBER(D10)),"קלט לא תקין",IF(D10<0,"קלט לא תקין",IF(ISBLANK(E10),"",IF(OR(E10="כלול",E10="לא רלוונטי"),0,IF(NOT(ISNUMBER(E10)),"קלט לא תקין",IF(E10<0,"קלט לא תקין",ROUND(D10*E10,2)))))))) | G10: 2a13001e-9c4b-4c63-8216-457559a3e03e | H10: item
A11: 2.08 | B11: אספקה והתקנת מתקן חימום מים מסוג {סוג}, בקיבול או הספק {נתון}, עם אביזרים וחיבורים כמפורט בתכנון. גבולות עבודות החשמל ועיגון המתקן: {פירוט}. | C11: יח' | F11: =IF(ISBLANK(D11),"",IF(NOT(ISNUMBER(D11)),"קלט לא תקין",IF(D11<0,"קלט לא תקין",IF(ISBLANK(E11),"",IF(OR(E11="כלול",E11="לא רלוונטי"),0,IF(NOT(ISNUMBER(E11)),"קלט לא תקין",IF(E11<0,"קלט לא תקין",ROUND(D11*E11,2)))))))) | G11: 7253c12d-e083-4e2a-beee-93890e25edb9 | H11: item
H12: spacer
B13: סיכום חלקי פרק 2 להעברה | F13: =SUM(F4,F5,F6,F7,F8,F9,F10,F11) -> 0 | H13: total

Sheet חשמל והכנות תקשורת
A1: 3 | B1: חשמל והכנות תקשורת | G1: 5f85f0b8-5734-4b1e-9a7b-f063c8910e82 | H1: chapter
A2: סעיף | B2: תיאור עבודה | C2: יח׳ | D2: כמות | E2: מחיר יחידה | F2: סה״כ | H2: columns
B3: עבודות החשמל כוללות תשתית, מוליכים, חיבורים ואביזרים רק בתכולה המוגדרת לכל סעיף ולפי תכנון החשמל. הכנת נקודה, התקנת גוף ואספקת גוף הן תכולות שונות. חתכי מוליכים, קטרים, הגנות, הספקים ואופן הבדיקה ייקבעו בתכנון ולא יועתקו מפרויקט קודם. | G3: 06066cd1-928d-46f9-ad61-baa55f2bd587 | H3: note
A4: 3.01 | B4: ביצוע נקודת הפעלה וחיבור למעגל תאורה מטיפוס {טיפוס}, באזור {אזור}, לפי תכנון החשמל, כולל {תשתית, חיבור ואביזרי הפעלה}. אספקת והתקנת גופי התאורה אינן נכללות בסעיף זה. | C4: נק' | F4: =IF(ISBLANK(D4),"",IF(NOT(ISNUMBER(D4)),"קלט לא תקין",IF(D4<0,"קלט לא תקין",IF(ISBLANK(E4),"",IF(OR(E4="כלול",E4="לא רלוונטי"),0,IF(NOT(ISNUMBER(E4)),"קלט לא תקין",IF(E4<0,"קלט לא תקין",ROUND(D4*E4,2)))))))) | G4: 57e5a953-b698-42f3-a82b-82897b91ab86 | H4: item
A5: 3.02 | B5: ביצוע יציאה נוספת לגוף תאורה המשויך למעגל {זיהוי}, לפי תכנון החשמל; תכולת החיבור: {פירוט}. | C5: יח' | F5: =IF(ISBLANK(D5),"",IF(NOT(ISNUMBER(D5)),"קלט לא תקין",IF(D5<0,"קלט לא תקין",IF(ISBLANK(E5),"",IF(OR(E5="כלול",E5="לא רלוונטי"),0,IF(NOT(ISNUMBER(E5)),"קלט לא תקין",IF(E5<0,"קלט לא תקין",ROUND(D5*E5,2)))))))) | G5: 8a430625-1d72-48c0-9aaf-88bb56e0f3f5 | H5: item
A6: 3.03 | B6: התקנת וחיבור גוף תאורה מטיפוס {טיפוס} על תשתית {קיימת או חדשה}, לרבות אביזרי ההתקנה המוגדרים. אספקת הגוף: {אחריות}. | C6: יח' | F6: =IF(ISBLANK(D6),"",IF(NOT(ISNUMBER(D6)),"קלט לא תקין",IF(D6<0,"קלט לא תקין",IF(ISBLANK(E6),"",IF(OR(E6="כלול",E6="לא רלוונטי"),0,IF(NOT(ISNUMBER(E6)),"קלט לא תקין",IF(E6<0,"קלט לא תקין",ROUND(D6*E6,2)))))))) | G6: 11be422c-d9c9-4269-95dd-1f7d53884679 | H6: item
A7: 3.04 | B7: ביצוע נקודת כוח חד־פאזית עבור {ייעוד}, באזור {אזור}, עם האביזר והתשתית לפי תכנון החשמל ובגבולות {תכולה}. | C7: נק' | F7: =IF(ISBLANK(D7),"",IF(NOT(ISNUMBER(D7)),"קלט לא תקין",IF(D7<0,"קלט לא תקין",IF(ISBLANK(E7),"",IF(OR(E7="כלול",E7="לא רלוונטי"),0,IF(NOT(ISNUMBER(E7)),"קלט לא תקין",IF(E7<0,"קלט לא תקין",ROUND(D7*E7,2)))))))) | G7: 9d74cf44-22f7-45e8-b6c9-76e2d610ec3b | H7: item
A8: 3.05 | B8: ביצוע נקודת כוח תלת־פאזית עבור {ציוד}, לפי מפרט ההזנה של מתכנן החשמל ויצרן הציוד. אביזר החיבור וגבול העבודה: {פירוט}. | C8: נק' | F8: =IF(ISBLANK(D8),"",IF(NOT(ISNUMBER(D8)),"קלט לא תקין",IF(D8<0,"קלט לא תקין",IF(ISBLANK(E8),"",IF(OR(E8="כלול",E8="לא רלוונטי"),0,IF(NOT(ISNUMBER(E8)),"קלט לא תקין",IF(E8<0,"קלט לא תקין",ROUND(D8*E8,2)))))))) | G8: 11afc80f-8238-4b51-b4b1-37b207036eda | H8: item
A9: 3.06 | B9: ביצוע נקודת הזנה למיזוג אוויר עבור {יחידה}, בהתאם לתכנון החשמל והמיזוג, לרבות אביזר סיום וגבול חיבור {פירוט}. | C9: נק' | F9: =IF(ISBLANK(D9),"",IF(NOT(ISNUMBER(D9)),"קלט לא תקין",IF(D9<0,"קלט לא תקין",IF(ISBLANK(E9),"",IF(OR(E9="כלול",E9="לא רלוונטי"),0,IF(NOT(ISNUMBER(E9)),"קלט לא תקין",IF(E9<0,"קלט לא תקין",ROUND(D9*E9,2)))))))) | G9: 559ba254-340a-4a1b-ae77-18f9fa2e246c | H9: item
A10: 3.07 | B10: ביצוע נקודת הזנה למפוח עבור {יחידה וייעוד}, בהתאם לתכנון החשמל והאוורור, לרבות אביזר סיום וגבול חיבור {פירוט}. | C10: נק' | F10: =IF(ISBLANK(D10),"",IF(NOT(ISNUMBER(D10)),"קלט לא תקין",IF(D10<0,"קלט לא תקין",IF(ISBLANK(E10),"",IF(OR(E10="כלול",E10="לא רלוונטי"),0,IF(NOT(ISNUMBER(E10)),"קלט לא תקין",IF(E10<0,"קלט לא תקין",ROUND(D10*E10,2)))))))) | G10: 658c8e28-7d7f-45db-a7ac-048775421bfa | H10: item
A11: 3.08 | B11: ביצוע תשתית תקשורת מטיפוס {סוג}, בין נקודות {קצוות}, לרבות צנרת, חוט משיכה ואביזרי סיום שנקבעו. כבילה פעילה וציוד קצה: {תכולה ואחריות}. | C11: נק' | F11: =IF(ISBLANK(D11),"",IF(NOT(ISNUMBER(D11)),"קלט לא תקין",IF(D11<0,"קלט לא תקין",IF(ISBLANK(E11),"",IF(OR(E11="כלול",E11="לא רלוונטי"),0,IF(NOT(ISNUMBER(E11)),"קלט לא תקין",IF(E11<0,"קלט לא תקין",ROUND(D11*E11,2)))))))) | G11: 82e93219-a648-4148-a934-71ba273b02a5 | H11: item
A12: 3.09 | B12: אספקה והתקנת לוח חשמל {זיהוי}, כולל מכלול הרכיבים, הסימון, החיווט והחיבור שנקבעו בתכנון החשמל. גודל החיבור והמפרט יושלמו בפרויקט. | C12: קומפ' | F12: =IF(ISBLANK(D12),"",IF(NOT(ISNUMBER(D12)),"קלט לא תקין",IF(D12<0,"קלט לא תקין",IF(ISBLANK(E12),"",IF(OR(E12="כלול",E12="לא רלוונטי"),0,IF(NOT(ISNUMBER(E12)),"קלט לא תקין",IF(E12<0,"קלט לא תקין",ROUND(D12*E12,2)))))))) | G12: 69580e8e-a909-4078-917e-03f13df9facf | H12: item
A13: 3.10 | B13: ביצוע מערכת תאורת חירום בתכולת {היקף}, לפי תכנון החשמל והבטיחות המאושרים לפרויקט; אספקה, התקנה וחיבורים: {פירוט}. | C13: קומפ' | F13: =IF(ISBLANK(D13),"",IF(NOT(ISNUMBER(D13)),"קלט לא תקין",IF(D13<0,"קלט לא תקין",IF(ISBLANK(E13),"",IF(OR(E13="כלול",E13="לא רלוונטי"),0,IF(NOT(ISNUMBER(E13)),"קלט לא תקין",IF(E13<0,"קלט לא תקין",ROUND(D13*E13,2)))))))) | G13: 1126909b-01c9-4fdc-81b3-4d8979dd7632 | H13: item
H14: spacer
B15: סיכום חלקי פרק 3 להעברה | F15: =SUM(F4,F5,F6,F7,F8,F9,F10,F11,F12,F13) -> 0 | H15: total

Sheet איטום
A1: 4 | B1: איטום | G1: 6f2683a1-70d2-4897-89a4-b33ec4ca5626 | H1: chapter
A2: סעיף | B2: תיאור עבודה | C2: יח׳ | D2: כמות | E2: מחיר יחידה | F2: סה״כ | H2: columns
B3: מערכת האיטום תיקבע לפי התשתית, השימוש, החדירות והמפגשים בפרויקט. כל סעיף יפרט את הכנת התשתית, סיומות, טיפול בנקזים ובפתחים ובדיקות נדרשות. אין ברירת מחדל לשיטת איטום, עובי, גובה רולקה או מותג. | G3: 03d61e20-f019-4810-8cc3-5f9b57efd758 | H3: note
A4: 4.01 | B4: ביצוע איטום באזור רטוב {זיהוי ואזור}, במערכת {מפרט מאושר}, לרבות הכנת תשתית, מפגשי קיר ורצפה, חדירות וסיומות לפי הפרט. בדיקות ותכולת ההכנה: {פירוט}. | C4: מ"ר | F4: =IF(ISBLANK(D4),"",IF(NOT(ISNUMBER(D4)),"קלט לא תקין",IF(D4<0,"קלט לא תקין",IF(ISBLANK(E4),"",IF(OR(E4="כלול",E4="לא רלוונטי"),0,IF(NOT(ISNUMBER(E4)),"קלט לא תקין",IF(E4<0,"קלט לא תקין",ROUND(D4*E4,2)))))))) | G4: 3734477c-55b4-4323-a607-15eb2b18bd90 | H4: item
H5: spacer
H6: spacer
B7: סיכום חלקי פרק 4 להעברה | F7: =SUM(F4) -> 0 | H7: total

Sheet דלתות פנים
A1: 5 | B1: דלתות פנים | G1: f9a7c4af-0b37-41be-b798-862f50401d6b | H1: chapter
A2: סעיף | B2: תיאור עבודה | C2: יח׳ | D2: כמות | E2: מחיר יחידה | F2: סה״כ | H2: columns
B3: מחיר כל טיפוס דלת כולל כנף, משקוף, הלבשות, פרזול, גמר, הובלה והרכבה לפי תיאור הסעיף. סוגי מילוי, צירים, פתיחה והתאמת נגישות או בטיחות יוגדרו בפרויקט; אין הוראה כללית של פרזול הסותרת טיפוס דלת. | G3: 5b223e84-1a9a-4568-956b-9715e835f30e | H3: note
A4: 5.01 | B4: אספקה והתקנת דלת פנים מטיפוס {זיהוי}. מידות ופתיחה: {מידות וכיוון}; כנף ומילוי: {מפרט}; משקוף והלבשות: {מפרט}; פרזול: {מפרט}; גמר וגוון: {מפרט}; תכנית ופרט: {הפניה}. | C4: יח' | F4: =IF(ISBLANK(D4),"",IF(NOT(ISNUMBER(D4)),"קלט לא תקין",IF(D4<0,"קלט לא תקין",IF(ISBLANK(E4),"",IF(OR(E4="כלול",E4="לא רלוונטי"),0,IF(NOT(ISNUMBER(E4)),"קלט לא תקין",IF(E4<0,"קלט לא תקין",ROUND(D4*E4,2)))))))) | G4: 88495559-2a10-49fa-b0e9-c10f1ceed30c | H4: item
H5: spacer
H6: spacer
B7: סיכום חלקי פרק 5 להעברה | F7: =SUM(F4) -> 0 | H7: total

Sheet ריצוף וחיפוי
A1: 6 | B1: ריצוף וחיפוי | G1: d0475702-808e-432b-bba2-cd196c201e2f | H1: chapter
A2: סעיף | B2: תיאור עבודה | C2: יח׳ | D2: כמות | E2: מחיר יחידה | F2: סה״כ | H2: columns
B3: מחירי עבודות הריצוף והחיפוי כוללים הכנת תשתית בתכולה שנקבעה, חומרי עזר, חיתוכים, התאמות, פינות ורובה בהתאם למפרט. אספקת האריחים תתומחר בפרק האספקות כשאינו כבוי; פנלים המופיעים בסעיף נפרד אינם כלולים שוב במחיר השטח. | G3: 9e1c3338-7a47-498e-904b-37cb03565b24 | H3: note
A4: 6.01 | B4: ריצוף אזור {אזור}, באריחי {חומר, דגם ומידה}, על תשתית {סוג}, עם מישקים {רוחב}, רובה {סוג וגוון} וגמר פינות {פירוט}. תכולת אספקת האריחים: {אחריות}. | C4: מ"ר | F4: =IF(ISBLANK(D4),"",IF(NOT(ISNUMBER(D4)),"קלט לא תקין",IF(D4<0,"קלט לא תקין",IF(ISBLANK(E4),"",IF(OR(E4="כלול",E4="לא רלוונטי"),0,IF(NOT(ISNUMBER(E4)),"קלט לא תקין",IF(E4<0,"קלט לא תקין",ROUND(D4*E4,2)))))))) | G4: 67a7cd5d-ddca-4d6f-bc37-93427abd9944 | H4: item
A5: 6.02 | B5: ריצוף אזור הכנת מזון או שטח רטוב {אזור}, באריחים {סוג, מידה וגמר מאושרים לשימוש}, לרבות טיפול במפגשים ובנקזים לפי הפרט, מישקים ורובה {מפרט}. | C5: מ"ר | F5: =IF(ISBLANK(D5),"",IF(NOT(ISNUMBER(D5)),"קלט לא תקין",IF(D5<0,"קלט לא תקין",IF(ISBLANK(E5),"",IF(OR(E5="כלול",E5="לא רלוונטי"),0,IF(NOT(ISNUMBER(E5)),"קלט לא תקין",IF(E5<0,"קלט לא תקין",ROUND(D5*E5,2)))))))) | G5: 59fe2f39-61b5-460d-87c1-fd49f29b26c0 | H5: item
A6: 6.03 | B6: חיפוי קירות באזור {אזור}, באריחים {חומר, דגם ומידה}, לגובה {גובה}, בדוגמה {דוגמה}, עם מישקים, רובה וגמר פינות {מפרט}. תכולת אספקת האריחים: {אחריות}. | C6: מ"ר | F6: =IF(ISBLANK(D6),"",IF(NOT(ISNUMBER(D6)),"קלט לא תקין",IF(D6<0,"קלט לא תקין",IF(ISBLANK(E6),"",IF(OR(E6="כלול",E6="לא רלוונטי"),0,IF(NOT(ISNUMBER(E6)),"קלט לא תקין",IF(E6<0,"קלט לא תקין",ROUND(D6*E6,2)))))))) | G6: 284479ea-b8a7-4a99-8180-9a0cb7cf2421 | H6: item
A7: 6.04 | B7: התקנת פנל תואם לריצוף {חומר וגמר}, בגובה {גובה}, לאורך האזור {אזור}, לרבות פינות וסיומות לפי הפרט. | C7: מ.א. | F7: =IF(ISBLANK(D7),"",IF(NOT(ISNUMBER(D7)),"קלט לא תקין",IF(D7<0,"קלט לא תקין",IF(ISBLANK(E7),"",IF(OR(E7="כלול",E7="לא רלוונטי"),0,IF(NOT(ISNUMBER(E7)),"קלט לא תקין",IF(E7<0,"קלט לא תקין",ROUND(D7*E7,2)))))))) | G7: a05cf1de-6de4-4a07-a03d-84c1da87c0c9 | H7: item
H8: spacer
B9: סיכום חלקי פרק 6 להעברה | F9: =SUM(F4,F5,F6,F7) -> 0 | H9: total

Sheet תקרות והנמכות
A1: 7 | B1: תקרות והנמכות | G1: 6a35879c-b178-4eeb-9e1d-f80137786a7e | H1: chapter
A2: סעיף | B2: תיאור עבודה | C2: יח׳ | D2: כמות | E2: מחיר יחידה | F2: סה״כ | H2: columns
B3: המחירים כוללים תשתית, תלייה, חיבורים, פרופילי גמר ופתחים למערכות לפי מפרט התקרה. יש להגדיר סוג לוח או אריח, גובה, טיפול אקוסטי וחיזוקים. גמר צבע מתומחר בנפרד אם אינו מפורש כחלק מהמוצר. | G3: 0677e71c-10a8-4c76-b375-97e2900130af | H3: note
A4: 7.01 | B4: ביצוע הנמכת תקרה באזור {אזור}, במערכת {סוג ושכבות}, בגובה {גובה}, לרבות התשתית, פתחים וחיזוקים המפורטים בתכנון. | C4: מ"ר | F4: =IF(ISBLANK(D4),"",IF(NOT(ISNUMBER(D4)),"קלט לא תקין",IF(D4<0,"קלט לא תקין",IF(ISBLANK(E4),"",IF(OR(E4="כלול",E4="לא רלוונטי"),0,IF(NOT(ISNUMBER(E4)),"קלט לא תקין",IF(E4<0,"קלט לא תקין",ROUND(D4*E4,2)))))))) | G4: 48a3e998-8fd3-4e61-9a45-64d6e314a616 | H4: item
A5: 7.02 | B5: ביצוע קרניז מטיפוס {טיפוס}, בחתך ובגובה {מידות}, באזור {אזור}, לרבות הכנה לתאורה או למיזוג לפי הפרט וללא אספקת גוף התאורה. | C5: מ.א. | F5: =IF(ISBLANK(D5),"",IF(NOT(ISNUMBER(D5)),"קלט לא תקין",IF(D5<0,"קלט לא תקין",IF(ISBLANK(E5),"",IF(OR(E5="כלול",E5="לא רלוונטי"),0,IF(NOT(ISNUMBER(E5)),"קלט לא תקין",IF(E5<0,"קלט לא תקין",ROUND(D5*E5,2)))))))) | G5: 18da1c9b-0971-44a8-a5c2-acfb9a6a44ad | H5: item
A6: 7.03 | B6: אספקה והתקנת תקרה פריקה מטיפוס {טיפוס}, באזור {אזור}, במידות מודול ובגמר {מפרט}, לרבות תשתית, פרופילי סיום ופתחים לפי התכנון. | C6: מ"ר | F6: =IF(ISBLANK(D6),"",IF(NOT(ISNUMBER(D6)),"קלט לא תקין",IF(D6<0,"קלט לא תקין",IF(ISBLANK(E6),"",IF(OR(E6="כלול",E6="לא רלוונטי"),0,IF(NOT(ISNUMBER(E6)),"קלט לא תקין",IF(E6<0,"קלט לא תקין",ROUND(D6*E6,2)))))))) | G6: 0030e557-f3e2-4d0f-81c5-c9e732042415 | H6: item
A7: 7.04 | B7: אספקה והתקנת תקרה אקוסטית מסוג {סוג}, במודול ובגמר {מפרט}, באזור {אזור}, לרבות התשתית והחיבורים המתאימים כמפורט בתכנון. | C7: מ"ר | F7: =IF(ISBLANK(D7),"",IF(NOT(ISNUMBER(D7)),"קלט לא תקין",IF(D7<0,"קלט לא תקין",IF(ISBLANK(E7),"",IF(OR(E7="כלול",E7="לא רלוונטי"),0,IF(NOT(ISNUMBER(E7)),"קלט לא תקין",IF(E7<0,"קלט לא תקין",ROUND(D7*E7,2)))))))) | G7: a25f52b2-c071-41de-87d0-827d78e67560 | H7: item
H8: spacer
B9: סיכום חלקי פרק 7 להעברה | F9: =SUM(F4,F5,F6,F7) -> 0 | H9: total

Sheet צבע וגמרים דקורטיביים
A1: 8 | B1: צבע וגמרים דקורטיביים | G1: 10b5e60d-a50d-4dfa-91cc-ad55955715f8 | H1: chapter
A2: סעיף | B2: תיאור עבודה | C2: יח׳ | D2: כמות | E2: מחיר יחידה | F2: סה״כ | H2: columns
B3: עבודות הצבע כוללות הכנת תשתית, תיקונים וחומרי יסוד וגמר לפי מערכת מתאימה למשטח ולהוראות המוצר שנבחר. הגוון, הברק והמרקם יושלמו בפרויקט. הוראות דילול ישנות אינן חלק מהתבנית. | G3: e90765e1-3862-4bcc-ba13-1ad9c0ec4ffc | H3: note
A4: 8.01 | B4: הכנת וצביעת קירות באזור {אזור}, לרבות תיקוני תשתית והחלקה בתכולת {פירוט}, במערכת צבע {סוג}, בגוון ובגמר {מפרט}. | C4: מ"ר | F4: =IF(ISBLANK(D4),"",IF(NOT(ISNUMBER(D4)),"קלט לא תקין",IF(D4<0,"קלט לא תקין",IF(ISBLANK(E4),"",IF(OR(E4="כלול",E4="לא רלוונטי"),0,IF(NOT(ISNUMBER(E4)),"קלט לא תקין",IF(E4<0,"קלט לא תקין",ROUND(D4*E4,2)))))))) | G4: fac06922-5aef-439f-8e92-f3687b6fb478 | H4: item
A5: 8.02 | B5: הכנת וצביעת תקרות והנמכות באזור {אזור}, לרבות תיקוני תשתית והחלקה בתכולת {פירוט}, במערכת צבע {סוג}, בגוון ובגמר {מפרט}. | C5: מ"ר | F5: =IF(ISBLANK(D5),"",IF(NOT(ISNUMBER(D5)),"קלט לא תקין",IF(D5<0,"קלט לא תקין",IF(ISBLANK(E5),"",IF(OR(E5="כלול",E5="לא רלוונטי"),0,IF(NOT(ISNUMBER(E5)),"קלט לא תקין",IF(E5<0,"קלט לא תקין",ROUND(D5*E5,2)))))))) | G5: a8c389dd-53ba-4b0e-b02f-0fa30435627b | H5: item
A6: 8.03 | B6: ביצוע גמר דקורטיבי מסוג {סוג}, על תשתית {סוג}, באזור {אזור}, בדוגמה, מרקם וגוון {מפרט}, לרבות שכבות הכנה וגמר שנקבעו. | C6: מ"ר | F6: =IF(ISBLANK(D6),"",IF(NOT(ISNUMBER(D6)),"קלט לא תקין",IF(D6<0,"קלט לא תקין",IF(ISBLANK(E6),"",IF(OR(E6="כלול",E6="לא רלוונטי"),0,IF(NOT(ISNUMBER(E6)),"קלט לא תקין",IF(E6<0,"קלט לא תקין",ROUND(D6*E6,2)))))))) | G6: 92ecb106-b537-4ff6-9a8f-8c795522fafd | H6: item
H7: spacer
H8: spacer
B9: סיכום חלקי פרק 8 להעברה | F9: =SUM(F4,F5,F6) -> 0 | H9: total

Sheet נגרות ייעודית
A1: 9 | B1: נגרות ייעודית | G1: 0b4b841f-46a6-4a52-9062-31947a4bc690 | H1: chapter
A2: סעיף | B2: תיאור עבודה | C2: יח׳ | D2: כמות | E2: מחיר יחידה | F2: סה״כ | H2: columns
B3: מחיר כל פריט נגרות כולל את החומרים, החיפויים, הפרזול, הגמר, ההובלה וההרכבה שפורטו בסעיף. רכיבי מתכת, משטחי אבן או חומר מיוחד, זיגוג וציוד שמופיעים בפרק נפרד מוחרגים ממחיר הנגרות. מידות, גוונים ודגמים יושלמו לכל פריט. | G3: eed6b46b-41ba-4030-b3e6-ad9e52816f49 | H3: note
A4: 9.01 | B4: אספקה והתקנת משטח הגשה ואכילה לדלפק {זיהוי}, מחומר {סוג}, במידות חתך {מידות}, בגמר {גמר}, עם קנט קדמי ואחורי {מפרט}. תשתית מסגרות, דפנות ומשטחים מיוחדים מתומחרים בנפרד ככל שהוגדרו בפרקים שלהם. | C4: מ.א. | F4: =IF(ISBLANK(D4),"",IF(NOT(ISNUMBER(D4)),"קלט לא תקין",IF(D4<0,"קלט לא תקין",IF(ISBLANK(E4),"",IF(OR(E4="כלול",E4="לא רלוונטי"),0,IF(NOT(ISNUMBER(E4)),"קלט לא תקין",IF(E4<0,"קלט לא תקין",ROUND(D4*E4,2)))))))) | G4: a4c5ce7c-1905-4c19-976b-a0c77301b8f3 | H4: item
A5: 9.02 | B5: אספקה והתקנת דופן פנימית לדלפק {זיהוי}, מחומר {סוג}, בגובה ובעובי {מידות}, בגמר {גמר}, על תשתית {סוג}, לרבות פתחים והתאמות לציוד לפי הפרט. | C5: מ.א. | F5: =IF(ISBLANK(D5),"",IF(NOT(ISNUMBER(D5)),"קלט לא תקין",IF(D5<0,"קלט לא תקין",IF(ISBLANK(E5),"",IF(OR(E5="כלול",E5="לא רלוונטי"),0,IF(NOT(ISNUMBER(E5)),"קלט לא תקין",IF(E5<0,"קלט לא תקין",ROUND(D5*E5,2)))))))) | G5: 070029a7-8858-4f72-a935-b6286e7e1b8e | H5: item
A6: 9.03 | B6: אספקה והתקנת דופן חיצונית או חיפוי נגרות לדלפק {זיהוי}, בגובה ובחלוקה {מידות}, מחומר ובגמר {מפרט}, על גבי {תשתית}. חיפוי אריחים ורכיבי מיתוג אינם כלולים אם תומחרו בנפרד. | C6: מ.א. | F6: =IF(ISBLANK(D6),"",IF(NOT(ISNUMBER(D6)),"קלט לא תקין",IF(D6<0,"קלט לא תקין",IF(ISBLANK(E6),"",IF(OR(E6="כלול",E6="לא רלוונטי"),0,IF(NOT(ISNUMBER(E6)),"קלט לא תקין",IF(E6<0,"קלט לא תקין",ROUND(D6*E6,2)))))))) | G6: 5e1bd1f0-1c55-45e6-b307-c3ea94e7c2c2 | H6: item
A7: 9.04 | B7: אספקה והתקנת שער או דלת כניסה לדלפק מטיפוס {טיפוס}, במידות {מידות}, מחומר ובגמר {מפרט}, לרבות מסגרת, צירים, סגירה וחיבורים כפי שנקבעו בפרט. | C7: יח' | F7: =IF(ISBLANK(D7),"",IF(NOT(ISNUMBER(D7)),"קלט לא תקין",IF(D7<0,"קלט לא תקין",IF(ISBLANK(E7),"",IF(OR(E7="כלול",E7="לא רלוונטי"),0,IF(NOT(ISNUMBER(E7)),"קלט לא תקין",IF(E7<0,"קלט לא תקין",ROUND(D7*E7,2)))))))) | G7: 0b184f70-a982-4b94-988b-799479827245 | H7: item
A8: 9.05 | B8: אספקה והתקנת יחידת מדפים או בר תצוגה אחורי לדלפק {זיהוי}, במידות {מידות}, מחומרי {מפרט}, בגמר {גמר}, לרבות פרזול ועיגון. מסגרות תמיכה ומראות בפרקים נפרדים אינן כלולות. | C8: מ"ר | F8: =IF(ISBLANK(D8),"",IF(NOT(ISNUMBER(D8)),"קלט לא תקין",IF(D8<0,"קלט לא תקין",IF(ISBLANK(E8),"",IF(OR(E8="כלול",E8="לא רלוונטי"),0,IF(NOT(ISNUMBER(E8)),"קלט לא תקין",IF(E8<0,"קלט לא תקין",ROUND(D8*E8,2)))))))) | G8: 2768e6ee-f41d-41f8-9b54-411026fd5d7d | H8: item
A9: 9.06 | B9: אספקה והתקנת עמדת מלצרים מטיפוס {טיפוס}, במידות {מידות}, הכוללת ארון, חלוקה פנימית, דלתות ומגירות {פירוט}; חומרי פנים וחוץ, גמר ופרזול {מפרט}. | C9: יח' | F9: =IF(ISBLANK(D9),"",IF(NOT(ISNUMBER(D9)),"קלט לא תקין",IF(D9<0,"קלט לא תקין",IF(ISBLANK(E9),"",IF(OR(E9="כלול",E9="לא רלוונטי"),0,IF(NOT(ISNUMBER(E9)),"קלט לא תקין",IF(E9<0,"קלט לא תקין",ROUND(D9*E9,2)))))))) | G9: ca35bfa7-f8d1-429b-8ba0-ab12ceff85a2 | H9: item
A10: 9.07 | B10: אספקה והתקנת עמדת משלוחים מטיפוס {טיפוס}, במידות {מידות}, מחומרים ובגמר {מפרט}, לרבות חלוקה פנימית, פרזול ופתחים המוגדרים לפריט. | C10: יח' | F10: =IF(ISBLANK(D10),"",IF(NOT(ISNUMBER(D10)),"קלט לא תקין",IF(D10<0,"קלט לא תקין",IF(ISBLANK(E10),"",IF(OR(E10="כלול",E10="לא רלוונטי"),0,IF(NOT(ISNUMBER(E10)),"קלט לא תקין",IF(E10<0,"קלט לא תקין",ROUND(D10*E10,2)))))))) | G10: efc066f3-a36e-4127-83e7-41d23354b6d6 | H10: item
A11: 9.08 | B11: אספקה והתקנת ארון שירות מטיפוס {טיפוס}, במידות {מידות}, בחלוקה {חלוקה}, מחומרים ובגמר {מפרט}, לרבות פרזול וחיבורים. משטח עליון מתומחר בנפרד בפרק המשטחים. | C11: יח' | F11: =IF(ISBLANK(D11),"",IF(NOT(ISNUMBER(D11)),"קלט לא תקין",IF(D11<0,"קלט לא תקין",IF(ISBLANK(E11),"",IF(OR(E11="כלול",E11="לא רלוונטי"),0,IF(NOT(ISNUMBER(E11)),"קלט לא תקין",IF(E11<0,"קלט לא תקין",ROUND(D11*E11,2)))))))) | G11: fabe18ed-f7f3-4021-bba8-927866845dd2 | H11: item
H12: spacer
A13: 9 | B13: נגרות ייעודית (המשך) | H13: heading
A14: סעיף | B14: תיאור עבודה | C14: יח׳ | D14: כמות | E14: מחיר יחידה | F14: סה״כ | H14: columns
B15: מפרט משותף לפלטות שולחן: תשתית {חומר}, גמר עליון ותחתון {מפרט}, קנט {מפרט}, הכנות וחיבור לרגל {מפרט}. כל גודל או טיפוס בתמחור שונה יופיע כסעיף עצמאי. המידות אינן ערכי ברירת מחדל. | G15: 58b39d07-1e4e-4a47-8881-80a2606e99a6 | H15: note
A16: 9.09 | B16: פלטת שולחן מטיפוס {טיפוס א}, במידות {מידות א}, לפי המפרט המשותף, לרבות {תכולת הכנות וחיבור}. | C16: יח' | F16: =IF(ISBLANK(D16),"",IF(NOT(ISNUMBER(D16)),"קלט לא תקין",IF(D16<0,"קלט לא תקין",IF(ISBLANK(E16),"",IF(OR(E16="כלול",E16="לא רלוונטי"),0,IF(NOT(ISNUMBER(E16)),"קלט לא תקין",IF(E16<0,"קלט לא תקין",ROUND(D16*E16,2)))))))) | G16: 533b5a6c-0e64-48bd-af8a-0b3ff4688c51 | H16: item
A17: 9.10 | B17: פלטת שולחן מטיפוס {טיפוס ב}, במידות {מידות ב}, לפי המפרט המשותף, לרבות {תכולת הכנות וחיבור}. | C17: יח' | F17: =IF(ISBLANK(D17),"",IF(NOT(ISNUMBER(D17)),"קלט לא תקין",IF(D17<0,"קלט לא תקין",IF(ISBLANK(E17),"",IF(OR(E17="כלול",E17="לא רלוונטי"),0,IF(NOT(ISNUMBER(E17)),"קלט לא תקין",IF(E17<0,"קלט לא תקין",ROUND(D17*E17,2)))))))) | G17: b4d0bba7-3d75-4a74-a51e-5eba76b4308c | H17: item
A18: 9.11 | B18: פלטת שולחן מטיפוס {טיפוס ג}, במידות {מידות ג}, לפי המפרט המשותף, לרבות {תכולת הכנות וחיבור}. | C18: יח' | F18: =IF(ISBLANK(D18),"",IF(NOT(ISNUMBER(D18)),"קלט לא תקין",IF(D18<0,"קלט לא תקין",IF(ISBLANK(E18),"",IF(OR(E18="כלול",E18="לא רלוונטי"),0,IF(NOT(ISNUMBER(E18)),"קלט לא תקין",IF(E18<0,"קלט לא תקין",ROUND(D18*E18,2)))))))) | G18: 1a325ab6-edd5-4e90-a936-53c3ff0f5fa8 | H18: item
H19: spacer
H20: spacer
B21: סיכום חלקי פרק 9 להעברה | F21: =SUM(F4,F5,F6,F7,F8,F9,F10,F11,F16,F17,F18) -> 0 | H21: total

Sheet ריכוז עלויות
B1: ריכוז עלויות
A2: פרק | B2: תיאור | E2: סה״כ
A3: 1 | B3: בנייה ומחיצות פנים | E3: ='בנייה ומחיצות פנים'!F11 -> 1234567.9
A4: 2 | B4: אינסטלציה ותברואה | E4: ='אינסטלציה ותברואה'!F13 -> 0
A5: 3 | B5: חשמל והכנות תקשורת | E5: ='חשמל והכנות תקשורת'!F15 -> 0
A6: 4 | B6: איטום | E6: ='איטום'!F7 -> 0
A7: 5 | B7: דלתות פנים | E7: ='דלתות פנים'!F7 -> 0
A8: 6 | B8: ריצוף וחיפוי | E8: ='ריצוף וחיפוי'!F9 -> 0
A9: 7 | B9: תקרות והנמכות | E9: ='תקרות והנמכות'!F9 -> 0
A10: 8 | B10: צבע וגמרים דקורטיביים | E10: ='צבע וגמרים דקורטיביים'!F9 -> 0
A11: 9 | B11: נגרות ייעודית | E11: ='נגרות ייעודית'!F21 -> 0
B12: סכומים חלקיים — קיימים סעיפים ללא תמחור מלא
B13: סה״כ | E13: =SUM(E3:E11) -> 1234567.9
B14: =IF(ISNUMBER('שער'!F14),"מע"&CHAR(34)&"מ ("&'שער'!F14&"%)","מע"&CHAR(34)&"מ (לא הוגדר)") -> מע״מ (18%) | E14: =IF(ISBLANK('שער'!F14),"",IF(ISNUMBER('שער'!F14),ROUND(E13*'שער'!F14/100,2),"קלט לא תקין")) -> 222222.22
B15: סה״כ כולל מע״מ | E15: =IF(ISNUMBER(E14),SUM(E13,E14),"") -> 1456790.1
