Workbook

Sheet שער
B2: פירוט טכני וכתב כמויות
B4: בדיקת מסלול ראשון
B5: כתובת בדיקה
B6: לקוח בדיקה
B8: 2026-10-27
B12: נחלת יצחק 34 ת"א | טל- 0505241244
H13: spacer
B14: א | F14: 18

Sheet מקרא והנחיות
B1: מקרא ותוכן עניינים
A2: פרק | B2: שם הפרק | F2: עמוד
A3: 1 | B3: בנייה ומחיצות פנים | F3: 3
A4: 2 | B4: אינסטלציה ותברואה | F4: 4
A5: 3 | B5: חשמל והכנות תקשורת | F5: 5
A6: 4 | B6: איטום | F6: 6
A7: 5 | B7: דלתות פנים | F7: 7
A8: 6 | B8: ריצוף וחיפוי | F8: 8
A9: 7 | B9: תקרות והנמכות | F9: 9
A10: 8 | B10: צבע וגמרים דקורטיביים | F10: 10
A11: 9 | B11: נגרות ייעודית | F11: 11
H12: spacer
H13: spacer
B14: הנחיות והערות כלליות לקבלן
A15: 1. יש להגיש הצעה לפי הסעיפים והתכולות שבמסמך הפרויקט. יש להעביר לבירור אי־התאמה, גבול תכולה לא ברור או פרט חסר לפני ביצוע העבודה הנוגעת להם.
A16: 2. אספקה, התקנה, תשתית וחיבור בידי קבלנים או ספקים שונים יפורטו בנפרד. אין להסיק אחריות רק מהופעת שם ספק או מהסימון קיים.
A17: 3. פרטי ביצוע, מידות, גוונים ודגמים יושלמו לפי מסמכי הפרויקט המאושרים. אין להשתמש בערכים זמניים או במידע מפרויקט קודם כנתוני ביצוע.
A18: 4. לכל רכיב תכולת תמחור אחת. אספקה או עבודה המופיעות בפרק נפרד יוחרגו ממחיר הפריט שבו היו עלולות להיכלל שוב.
A19: 5. תכניות ופרטים החלים על ההצעה: {רשימת מסמכים ומהדורות לפרויקט}. פרטי הקבלן, חתימה וחותמת יושלמו בעותק ההצעה.
H20: spacer

Sheet _BOQ_META
A1: BOQ_WORKBOOK | B1: 4 | C1: project | D1: 0aedac9d-1699-41c7-b099-6db872ba5b81 | E1: 3eea9558-5d7e-4629-9c80-92f9d1541330 | F1: restaurant | G1: ["7cc888dd-c715-44f7-b955-812f327a041a","90c06520-ebeb-4cea-b852-45a373e14d74","29e1b097-39a1-4541-b63c-6fe39d6bfef5","0ec7e5c4-1c60-4432-a9b0-69a9a7d078fb","8b9cfaee-378c-456f-9f68-a6fac44cd52b","196edd45-2b20-40db-95bb-04fd2a622d8f","1dcb1745-369e-47c4-9453-fdeb8075f03f","ab852d46-ff7a-4ec2-917b-c839ffefa433","f248c788-8fa3-45d7-9188-33e5e6c31c8f","b9b9537a-cd70-43dc-9fbc-711fc3dee4b6","e633166c-c82d-4477-bbe9-6d25304c1afe","aa8b233c-172a-4837-8e5e-bc57b50350b1","a9a6b80b-7c80-4b52-a824-70a0b5b53704","17f73205-543b-4965-a758-ca1afa855243","7c6b3cb0-bd38-4cae-b381-472b19dd32b2","76640c50-5d7c-4ea1-814f-bc4938a757ab","04bfed2c-9cb7-4500-91b5-6df2cf98291d","241cac43-dcf3-4661-bea7-de380cc5d1bc","ba276230-dc89-43fa-8669-9b96a6f12f6e","2ddfe859-d7de-435c-9fc3-4cb083849e40","fc75893c-3391-4f5e-a2da-388a4b5d4b9a","91e5973c-db6e-451e-9b8c-31fa7da9e7e8"]
A2: layout | B2: {"font":"Assistant","sideMarginMm":6.35,"verticalMarginMm":19.05} | C2: {"title":[{"sheet":"שער","cell":"B4"}],"location":[{"sheet":"שער","cell":"B5"}],"client":[{"sheet":"שער","cell":"B6"}],"date":[{"sheet":"שער","cell":"B8"}],"office":[{"sheet":"שער","cell":"B12"}],"revision":[{"sheet":"שער","cell":"B14"}],"contractor":[{"sheet":"שער","cell":"D14"}],"vat":[{"sheet":"שער","cell":"F14"}],"instructions":[{"sheet":"מקרא והנחיות","cell":"A15"},{"sheet":"מקרא והנחיות","cell":"A16"},{"sheet":"מקרא והנחיות","cell":"A17"},{"sheet":"מקרא והנחיות","cell":"A18"},{"sheet":"מקרא והנחיות","cell":"A19"}]} | D2: {"width":2836,"height":771}
A3: chapterId | B3: sheet | C3: active | D3: rowIds
A4: 7cc888dd-c715-44f7-b955-812f327a041a | B4: פירוק והריסה | C4: 0 | D4: ["0c2c63aa-fc72-4397-93cd-5387d5a3400b","38bdbb75-dfd2-4454-af39-060300679465","461804c6-37b7-4dac-afd0-1bd2efb174b7","7e4e137b-8fcb-43ba-9b12-18a6513a7323","56782c49-b6a2-45f5-a740-22b64aa7dae7","50ed40d7-2fe1-4dfc-8c50-e4fe9ac2400e","8c5a6d5b-9555-4ba0-8e77-98d02d32563d","eda3b80b-f69b-410a-b897-9419b6210f2a","f0e9c4ed-700e-4430-94a1-66a7904b6665"]
A5: 90c06520-ebeb-4cea-b852-45a373e14d74 | B5: בנייה ומחיצות פנים | C5: 1 | D5: ["64923dff-56fe-4032-b048-6eb8fb1ee4cd","b797630a-1877-484e-a41f-a47dcb3f3490","db97f49c-9546-4793-9ea8-a8597391141a","e3eb6590-5a7a-4fba-9624-5df9b373a6a4","530467a6-daca-4fe4-85eb-4dc5572d3ac6","721f310b-06e1-4a90-a0de-6b7f854a96d1","713de552-ff90-48a2-a235-680554a051b2"]
A6: 29e1b097-39a1-4541-b63c-6fe39d6bfef5 | B6: אינסטלציה ותברואה | C6: 1 | D6: ["ac742638-4bf9-486a-9dd9-79ad34951cbc","c270ef2e-22e1-4727-b5d5-050c9152e852","ce228c55-6a65-4bb6-ade0-89a009fae052","c79778f1-2b8c-4b5d-85e5-6619ae2e0ec6","67cd1a68-09f8-40e9-82a6-7bc80176877d","f40613a5-c211-4895-a170-fa226bdcd9fe","c84065f8-98c4-422a-be2d-c010c4cbe4a9","f676964b-533f-40dc-9f65-3269d27c3fb9","33e73d2b-6793-4e35-93db-01b7d7c148f4"]
A7: 0ec7e5c4-1c60-4432-a9b0-69a9a7d078fb | B7: חשמל והכנות תקשורת | C7: 1 | D7: ["7374027a-1673-48ed-931d-34d34c0eb8f9","d8224804-cc57-4fc1-a928-c1c5f6109c5a","bb8e6de5-3101-4601-8d5c-3d4e29d022c2","3f2a7e98-ab2e-42cd-afdf-8742fd757964","9d12a976-3562-45e1-8e69-70ed8420b6cf","6c6c809b-894a-4ec9-8192-038b61693248","36a6e736-ee93-4b43-8808-c8f3420bf915","45c1d35e-e319-45a3-b29b-b48780e1fcee","a9628f62-ba5a-421a-89aa-ddc68a58b73a","7d5049dd-0007-4333-bc2a-6610832f62c9","981b80ef-cac7-4789-8411-30ef09424adf"]
A8: 8b9cfaee-378c-456f-9f68-a6fac44cd52b | B8: הכנות רצפה והגבהות | C8: 0 | D8: ["6289125b-241c-4b26-a5f3-a5c7f04acd5f","8db23237-d935-4bd6-908d-ce37bc84c0b1"]
A9: 196edd45-2b20-40db-95bb-04fd2a622d8f | B9: איטום | C9: 1 | D9: ["de8fc9d4-8a0f-4947-800b-313485b86fc0","778ca044-7131-45a4-bf35-2a0ce6d048db"]
A10: 1dcb1745-369e-47c4-9453-fdeb8075f03f | B10: דלתות פנים | C10: 1 | D10: ["8dafd192-ccc3-4539-ba1c-a355d7e2f84c","a1a756a8-f169-4791-9b6f-7a867d122b01"]
A11: ab852d46-ff7a-4ec2-917b-c839ffefa433 | B11: ריצוף וחיפוי | C11: 1 | D11: ["578f5122-2436-457e-8d87-21ad01d0d5f6","82aa94d1-be99-4a61-8f18-395c4cf8767f","634bc9c2-5074-4259-a457-fe10042f8a36","1c241e50-ec6a-4d2a-a372-2963c1d59191","c9bade76-1952-42f5-a06e-e35d1fc719f5"]
A12: f248c788-8fa3-45d7-9188-33e5e6c31c8f | B12: תקרות והנמכות | C12: 1 | D12: ["e33df97c-e56d-4fd6-8115-24ed0478f536","4671e132-bee1-4954-a216-069252c10229","252a6f8f-f2ec-4b83-a261-c82ae44d5205","bdb673d8-fc02-4ddd-aa2f-fac76574b72a","6ef2ce5e-5af5-41a1-9f68-39b930d75f93"]
A13: b9b9537a-cd70-43dc-9fbc-711fc3dee4b6 | B13: צבע וגמרים דקורטיביים | C13: 1 | D13: ["4a4fc8d9-cb26-4bd2-b125-0f20b34dbe4e","69c1bc09-39f8-46fc-be73-cd7d1763ee4a","be2ab50e-2cf5-44de-b1d9-b412cc06f11b","1ad47c84-a045-4e5a-9950-e03ee1ae7437"]
A14: e633166c-c82d-4477-bbe9-6d25304c1afe | B14: נגרות ייעודית | C14: 1 | D14: ["ffbc5a21-9bb9-4e69-b20a-ae459bf26bf5","cba583e1-42f7-49e6-b5be-1f3e1e50ac82","95f8c37f-6d48-4c27-ab43-9b530634fbe6","964dddd6-77d5-42c3-9a9f-399ca9121a0c","97d51565-8a8b-4a55-820a-1152d2a8e806","78bc6d7c-92e7-4690-8978-7e7b16428afb","47042844-88cd-467c-9dee-50ba0e9b1af8","7e9f00e3-719a-4995-a68e-1ccbae316db0","52f54e25-674e-47cd-9c30-34b0600c50af","f9cf54ca-62f3-4481-a7a2-06d7941296cd","5b91937d-d5a4-450e-82db-e1e200f68edb","5a0076dc-488a-43ef-bd57-28364ac3ab2b","08730476-fd89-44b8-89da-dbecd4055bea"]
A15: aa8b233c-172a-4837-8e5e-bc57b50350b1 | B15: מסגרות | C15: 0 | D15: ["7a7ca4ff-6f1f-44c1-bbcb-1e5884715d4b","04793ad5-6b64-4016-86dd-25634be585e1","1e50aaa8-d2af-4a57-a53e-85bf939abee5","ad33b3e7-84d4-44c1-89b8-a01d3219a77e","b521d8c0-4074-4435-880d-e37f7e292119"]
... A25: 91e5973c-db6e-451e-9b8c-31fa7da9e7e8 | B25: ריהוט וישיבה | C25: 0 | D25: ["39ecfa76-390f-48e3-9461-ca8ad34a2d37","2597dba3-c4e9-48fb-89f1-606c8246710b","eee439df-1fc5-426c-993f-7a037bd62043"]

Sheet פירוק והריסה
B1: פירוק והריסה | G1: 7cc888dd-c715-44f7-b955-812f327a041a | H1: chapter
A2: סעיף | B2: תיאור עבודה | C2: יח׳ | D2: כמות | E2: מחיר יחידה | F2: סה״כ | H2: columns
B3: מחירי עבודות הפירוק כוללים הגנה על הרכוש הנותר ופינוי הפסולת הנוצרת מהפירוק. פריטים המיועדים לשימוש חוזר יזוהו בפרויקט ויפורקו לשמירה. אין לחייב שוב אותו פינוי בסעיף אחר. | G3: 0c2c63aa-fc72-4397-93cd-5387d5a3400b | H3: note
B4: נערך בזמן השמירה | C4: מ"ר | D4: 0 | E4: 0 | F4: =IF(ISBLANK(D4),"",IF(NOT(ISNUMBER(D4)),"קלט לא תקין",IF(D4<0,"קלט לא תקין",IF(ISBLANK(E4),"",IF(OR(E4="כלול",E4="לא רלוונטי"),0,IF(NOT(ISNUMBER(E4)),"קלט לא תקין",IF(E4<0,"קלט לא תקין",ROUND(D4*E4,2)))))))) -> 0 | G4: 38bdbb75-dfd2-4454-af39-060300679465 | H4: item
B5: פירוק תקרה או הנמכה מסוג {סוג} באזור {אזור}, לרבות התשתית המיועדת לפירוק. הטיפול בחלקים: {פינוי או שמירה להרכבה מחדש}. | C5: מ"ר | F5: =IF(ISBLANK(D5),"",IF(NOT(ISNUMBER(D5)),"קלט לא תקין",IF(D5<0,"קלט לא תקין",IF(ISBLANK(E5),"",IF(OR(E5="כלול",E5="לא רלוונטי"),0,IF(NOT(ISNUMBER(E5)),"קלט לא תקין",IF(E5<0,"קלט לא תקין",ROUND(D5*E5,2)))))))) | G5: 461804c6-37b7-4dac-afd0-1bd2efb174b7 | H5: item
B6: פירוק ריצוף ושכבות תשתית באזור {אזור}, עד {גבול ועומק פירוק}, כהכנה לעבודות החדשות המפורטות בפרויקט. | C6: מ"ר | F6: =IF(ISBLANK(D6),"",IF(NOT(ISNUMBER(D6)),"קלט לא תקין",IF(D6<0,"קלט לא תקין",IF(ISBLANK(E6),"",IF(OR(E6="כלול",E6="לא רלוונטי"),0,IF(NOT(ISNUMBER(E6)),"קלט לא תקין",IF(E6<0,"קלט לא תקין",ROUND(D6*E6,2)))))))) | G6: 7e4e137b-8fcb-43ba-9b12-18a6513a7323 | H6: item
B7: פירוק ופינוי ריהוט קבוע, ארונות וציוד המיועדים לפינוי באזור {אזור}; פריטים לשימוש חוזר וגבולות פירוק יפורטו לפני תחילת העבודה. | C7: קומפ' | F7: =IF(ISBLANK(D7),"",IF(NOT(ISNUMBER(D7)),"קלט לא תקין",IF(D7<0,"קלט לא תקין",IF(ISBLANK(E7),"",IF(OR(E7="כלול",E7="לא רלוונטי"),0,IF(NOT(ISNUMBER(E7)),"קלט לא תקין",IF(E7<0,"קלט לא תקין",ROUND(D7*E7,2)))))))) | G7: 56782c49-b6a2-45f5-a740-22b64aa7dae7 | H7: item
B8: פירוק מערכת חשמל ואביזריה באזור {אזור}, בגבולות הנקובים בתכנון. מעגלים ואביזרים שנשארים פעילים או מיועדים להרכבה מחדש: {פירוט}. | C8: קומפ' | F8: =IF(ISBLANK(D8),"",IF(NOT(ISNUMBER(D8)),"קלט לא תקין",IF(D8<0,"קלט לא תקין",IF(ISBLANK(E8),"",IF(OR(E8="כלול",E8="לא רלוונטי"),0,IF(NOT(ISNUMBER(E8)),"קלט לא תקין",IF(E8<0,"קלט לא תקין",ROUND(D8*E8,2)))))))) | G8: 50ed40d7-2fe1-4dfc-8c50-e4fe9ac2400e | H8: item
B9: פירוק צנרת ואביזרי אינסטלציה המיועדים להחלפה באזור {אזור}, בגבולות {תחילה וסיום}; הגנת וחסימת קצוות החיבור לפי התכנון. | C9: קומפ' | F9: =IF(ISBLANK(D9),"",IF(NOT(ISNUMBER(D9)),"קלט לא תקין",IF(D9<0,"קלט לא תקין",IF(ISBLANK(E9),"",IF(OR(E9="כלול",E9="לא רלוונטי"),0,IF(NOT(ISNUMBER(E9)),"קלט לא תקין",IF(E9<0,"קלט לא תקין",ROUND(D9*E9,2)))))))) | G9: 8c5a6d5b-9555-4ba0-8e77-98d02d32563d | H9: item
B10: פירוק פתח מטיפוס {זיהוי}, לרבות {כנף, משקוף, זיגוג או תריס}, בגבולות {תכולה}; רכיבים לשימור: {פירוט}. | C10: יח' | F10: =IF(ISBLANK(D10),"",IF(NOT(ISNUMBER(D10)),"קלט לא תקין",IF(D10<0,"קלט לא תקין",IF(ISBLANK(E10),"",IF(OR(E10="כלול",E10="לא רלוונטי"),0,IF(NOT(ISNUMBER(E10)),"קלט לא תקין",IF(E10<0,"קלט לא תקין",ROUND(D10*E10,2)))))))) | G10: eda3b80b-f69b-410a-b897-9419b6210f2a | H10: item
B11: פירוק שילוט קיים מטיפוס {זיהוי}, כולל רכיבי התקנה והזנה המיועדים לפירוק, ושמירה על רכיבים שסומנו להמשך שימוש. | C11: קומפ' | F11: =IF(ISBLANK(D11),"",IF(NOT(ISNUMBER(D11)),"קלט לא תקין",IF(D11<0,"קלט לא תקין",IF(ISBLANK(E11),"",IF(OR(E11="כלול",E11="לא רלוונטי"),0,IF(NOT(ISNUMBER(E11)),"קלט לא תקין",IF(E11<0,"קלט לא תקין",ROUND(D11*E11,2)))))))) | G11: f0e9c4ed-700e-4430-94a1-66a7904b6665 | H11: item
H12: spacer
B13: סיכום חלקי פרק להעברה | F13: =SUM(F4,F5,F6,F7,F8,F9,F10,F11) -> 0 | H13: total

Sheet בנייה ומחיצות פנים
A1: 1 | B1: בנייה ומחיצות פנים | G1: 90c06520-ebeb-4cea-b852-45a373e14d74 | H1: chapter
A2: סעיף | B2: תיאור עבודה | C2: יח׳ | D2: כמות | E2: מחיר יחידה | F2: סה״כ | H2: columns
B3: מחירי המחיצות כוללים את רכיבי המערכת, התשתית, החיבורים והגמר המוגדרים בסעיף. סוגי לוחות, שכבות, בידוד ועיגון יושלמו לפי הפרויקט. גמר צבע וחיפוי מתומחרים בפרקים המיועדים להם, אלא אם הוגדר אחרת במפורש. | G3: 64923dff-56fe-4032-b048-6eb8fb1ee4cd | H3: note
A4: 1.01 | B4: הקמת מחיצת פנים במערכת בנייה יבשה באזור {אזור}. גובה: {גובה}; עובי ומבנה המערכת: {מפרט}; לוחות: {סוג ושכבות}; בידוד: {מפרט}; בסיס ועיגון: {פרט}. | C4: מ"ר | D4: 0.5 | E4: 0.01 | F4: =IF(ISBLANK(D4),"",IF(NOT(ISNUMBER(D4)),"קלט לא תקין",IF(D4<0,"קלט לא תקין",IF(ISBLANK(E4),"",IF(OR(E4="כלול",E4="לא רלוונטי"),0,IF(NOT(ISNUMBER(E4)),"קלט לא תקין",IF(E4<0,"קלט לא תקין",ROUND(D4*E4,2)))))))) -> 0.01 | G4: b797630a-1877-484e-a41f-a47dcb3f3490 | H4: item
B5: ביצוע עיבוי או חיפוי קיר קיים במערכת {סוג}, בגובה {גובה}, באזור {אזור}, לצורך {ייעוד}, לרבות תשתית וחיבורים כמפורט. | C5: מ"ר | D5: 3 | E5: 10 | G5: db97f49c-9546-4793-9ea8-a8597391141a | H5: item | I5: 1
A6: 1.02 | B6: הקמת מחיצה נמוכה כתשתית לדלפק או להפרדה באזור {אזור}, בגובה ובחתך {מידות}, במערכת {סוג}, לרבות {תכולה ועיגון}. | C6: מ.א. | F6: =IF(ISBLANK(D6),"",IF(NOT(ISNUMBER(D6)),"קלט לא תקין",IF(D6<0,"קלט לא תקין",IF(ISBLANK(E6),"",IF(OR(E6="כלול",E6="לא רלוונטי"),0,IF(NOT(ISNUMBER(E6)),"קלט לא תקין",IF(E6<0,"קלט לא תקין",ROUND(D6*E6,2)))))))) | G6: e3eb6590-5a7a-4fba-9624-5df9b373a6a4 | H6: item
A7: 1.03 | B7: אספקה והתקנת מגן פינה מנירוסטה מטיפוס {טיפוס}, במידות {מידות}, עובי וגמר {מפרט}, על תשתית {סוג} ובאופן חיבור {פרט}. | C7: יח' | F7: =IF(ISBLANK(D7),"",IF(NOT(ISNUMBER(D7)),"קלט לא תקין",IF(D7<0,"קלט לא תקין",IF(ISBLANK(E7),"",IF(OR(E7="כלול",E7="לא רלוונטי"),0,IF(NOT(ISNUMBER(E7)),"קלט לא תקין",IF(E7<0,"קלט לא תקין",ROUND(D7*E7,2)))))))) | G7: 530467a6-daca-4fe4-85eb-4dc5572d3ac6 | H7: item
A8: 1.04 | B8: אספקה והתקנת מגן קצה מנירוסטה מטיפוס {טיפוס}, במידות {מידות}, עובי וגמר {מפרט}, על תשתית {סוג} ובאופן חיבור {פרט}. | C8: יח' | F8: =IF(ISBLANK(D8),"",IF(NOT(ISNUMBER(D8)),"קלט לא תקין",IF(D8<0,"קלט לא תקין",IF(ISBLANK(E8),"",IF(OR(E8="כלול",E8="לא רלוונטי"),0,IF(NOT(ISNUMBER(E8)),"קלט לא תקין",IF(E8<0,"קלט לא תקין",ROUND(D8*E8,2)))))))) | G8: 721f310b-06e1-4a90-a0de-6b7f854a96d1 | H8: item
A9: 1.05 | B9: אספקה והתקנת משקוף נירוסטה לפתח {זיהוי וייעוד}, במידות {מידות}, עובי וגמר {מפרט}, לרבות החיבורים והעיגון שנקבעו לפריט. | C9: יח' | F9: =IF(ISBLANK(D9),"",IF(NOT(ISNUMBER(D9)),"קלט לא תקין",IF(D9<0,"קלט לא תקין",IF(ISBLANK(E9),"",IF(OR(E9="כלול",E9="לא רלוונטי"),0,IF(NOT(ISNUMBER(E9)),"קלט לא תקין",IF(E9<0,"קלט לא תקין",ROUND(D9*E9,2)))))))) | G9: 713de552-ff90-48a2-a235-680554a051b2 | H9: item
H10: spacer
B11: סיכום חלקי פרק 1 להעברה | F11: =SUM(F4,F6,F7,F8,F9) -> 0.01 | H11: total

Sheet אינסטלציה ותברואה
A1: 2 | B1: אינסטלציה ותברואה | G1: 29e1b097-39a1-4541-b63c-6fe39d6bfef5 | H1: chapter
A2: סעיף | B2: תיאור עבודה | C2: יח׳ | D2: כמות | E2: מחיר יחידה | F2: סה״כ | H2: columns
B3: מערכת המים והדלוחין תבוצע לפי תכנון הפרויקט. המחירים כוללים צנרת ואביזרי תשתית, חיבורים, הכנות ובדיקות כפי שנקבעו במפרט. אספקת כלים סניטריים וציוד אינה כלולה בסעיפי התקנה בלבד. קיום מערכת באתר אינו מעיד שאינה דורשת התאמה. | G3: ac742638-4bf9-486a-9dd9-79ad34951cbc | H3: note
A4: 2.01 | B4: ביצוע או התאמת מערכת מים ודלוחין באזור {אזור}, בין נקודות החיבור {תחילה וסיום}, לרבות {צנרת, אביזרים ומתקנים}, לפי תכנון {הפניה}. חיבור למערכת קיימת יוגדר לפי מצב האתר שנבדק. | C4: קומפ' | F4: =IF(ISBLANK(D4),"",IF(NOT(ISNUMBER(D4)),"קלט לא תקין",IF(D4<0,"קלט לא תקין",IF(ISBLANK(E4),"",IF(OR(E4="כלול",E4="לא רלוונטי"),0,IF(NOT(ISNUMBER(E4)),"קלט לא תקין",IF(E4<0,"קלט לא תקין",ROUND(D4*E4,2)))))))) | G4: c270ef2e-22e1-4727-b5d5-050c9152e852 | H4: item
A5: 2.02 | B5: ביצוע נקודת מים חמים וקרים ודלוחין עבור {כיור או ציוד}, לפי תכנון הפרויקט, לרבות הצנרת ואביזרי החיבור בגבולות {תכולה}. התקנת האביזר ואספקתו: {כלולות או מוחרגות}. | C5: נק' | F5: =IF(ISBLANK(D5),"",IF(NOT(ISNUMBER(D5)),"קלט לא תקין",IF(D5<0,"קלט לא תקין",IF(ISBLANK(E5),"",IF(OR(E5="כלול",E5="לא רלוונטי"),0,IF(NOT(ISNUMBER(E5)),"קלט לא תקין",IF(E5<0,"קלט לא תקין",ROUND(D5*E5,2)))))))) | G5: ce228c55-6a65-4bb6-ade0-89a009fae052 | H5: item
A6: 2.03 | B6: ביצוע נקודת מים קרים ודלוחין עבור {כיור או ציוד}, לפי תכנון הפרויקט, לרבות הצנרת ואביזרי החיבור בגבולות {תכולה}. | C6: נק' | F6: =IF(ISBLANK(D6),"",IF(NOT(ISNUMBER(D6)),"קלט לא תקין",IF(D6<0,"קלט לא תקין",IF(ISBLANK(E6),"",IF(OR(E6="כלול",E6="לא רלוונטי"),0,IF(NOT(ISNUMBER(E6)),"קלט לא תקין",IF(E6<0,"קלט לא תקין",ROUND(D6*E6,2)))))))) | G6: c79778f1-2b8c-4b5d-85e5-6619ae2e0ec6 | H6: item
A7: 2.04 | B7: ביצוע נקודת דלוחין עצמאית עבור {ציוד או ייעוד}, לרבות חיבור וסיום לפי תכנון הפרויקט. אין לכלול שוב ניקוז שכבר נכלל בנקודת מים משולבת. | C7: נק' | F7: =IF(ISBLANK(D7),"",IF(NOT(ISNUMBER(D7)),"קלט לא תקין",IF(D7<0,"קלט לא תקין",IF(ISBLANK(E7),"",IF(OR(E7="כלול",E7="לא רלוונטי"),0,IF(NOT(ISNUMBER(E7)),"קלט לא תקין",IF(E7<0,"קלט לא תקין",ROUND(D7*E7,2)))))))) | G7: 67cd1a68-09f8-40e9-82a6-7bc80176877d | H7: item
A8: 2.05 | B8: ביצוע נקודת ניקוז למיזוג אוויר מטיפוס {טיפוס}, לפי תכנון המיזוג והתברואה; קצה וגבול החיבור לקבלן המיזוג: {פירוט}. | C8: נק' | F8: =IF(ISBLANK(D8),"",IF(NOT(ISNUMBER(D8)),"קלט לא תקין",IF(D8<0,"קלט לא תקין",IF(ISBLANK(E8),"",IF(OR(E8="כלול",E8="לא רלוונטי"),0,IF(NOT(ISNUMBER(E8)),"קלט לא תקין",IF(E8<0,"קלט לא תקין",ROUND(D8*E8,2)))))))) | G8: f40613a5-c211-4895-a170-fa226bdcd9fe | H8: item
A9: 2.06 | B9: התקנת תעלת ניקוז מטיפוס {טיפוס}, במידות {מידות}, על התשתית המוגדרת, וחיבורה למערכת הניקוז. אספקת התעלה, עיגון ואיטום המפגש: {חלוקת אחריות}. | C9: יח' | F9: =IF(ISBLANK(D9),"",IF(NOT(ISNUMBER(D9)),"קלט לא תקין",IF(D9<0,"קלט לא תקין",IF(ISBLANK(E9),"",IF(OR(E9="כלול",E9="לא רלוונטי"),0,IF(NOT(ISNUMBER(E9)),"קלט לא תקין",IF(E9<0,"קלט לא תקין",ROUND(D9*E9,2)))))))) | G9: c84065f8-98c4-422a-be2d-c010c4cbe4a9 | H9: item
A10: 2.07 | B10: התקנת מכל הדחה סמוי וכלי סניטרי מטיפוס {טיפוס} על תשתית {בלוק או מערכת אחרת}, לרבות חיבורים ותכולת ההתקנה שנקבעה. אספקת הכלי והמכל: {אחריות}. | C10: יח' | F10: =IF(ISBLANK(D10),"",IF(NOT(ISNUMBER(D10)),"קלט לא תקין",IF(D10<0,"קלט לא תקין",IF(ISBLANK(E10),"",IF(OR(E10="כלול",E10="לא רלוונטי"),0,IF(NOT(ISNUMBER(E10)),"קלט לא תקין",IF(E10<0,"קלט לא תקין",ROUND(D10*E10,2)))))))) | G10: f676964b-533f-40dc-9f65-3269d27c3fb9 | H10: item
A11: 2.08 | B11: אספקה והתקנת מתקן חימום מים מסוג {סוג}, בקיבול או הספק {נתון}, עם אביזרים וחיבורים כמפורט בתכנון. גבולות עבודות החשמל ועיגון המתקן: {פירוט}. | C11: יח' | F11: =IF(ISBLANK(D11),"",IF(NOT(ISNUMBER(D11)),"קלט לא תקין",IF(D11<0,"קלט לא תקין",IF(ISBLANK(E11),"",IF(OR(E11="כלול",E11="לא רלוונטי"),0,IF(NOT(ISNUMBER(E11)),"קלט לא תקין",IF(E11<0,"קלט לא תקין",ROUND(D11*E11,2)))))))) | G11: 33e73d2b-6793-4e35-93db-01b7d7c148f4 | H11: item
H12: spacer
B13: סיכום חלקי פרק 2 להעברה | F13: =SUM(F4,F5,F6,F7,F8,F9,F10,F11) -> 0 | H13: total

Sheet חשמל והכנות תקשורת
A1: 3 | B1: חשמל והכנות תקשורת | G1: 0ec7e5c4-1c60-4432-a9b0-69a9a7d078fb | H1: chapter
A2: סעיף | B2: תיאור עבודה | C2: יח׳ | D2: כמות | E2: מחיר יחידה | F2: סה״כ | H2: columns
B3: עבודות החשמל כוללות תשתית, מוליכים, חיבורים ואביזרים רק בתכולה המוגדרת לכל סעיף ולפי תכנון החשמל. הכנת נקודה, התקנת גוף ואספקת גוף הן תכולות שונות. חתכי מוליכים, קטרים, הגנות, הספקים ואופן הבדיקה ייקבעו בתכנון ולא יועתקו מפרויקט קודם. | G3: 7374027a-1673-48ed-931d-34d34c0eb8f9 | H3: note
A4: 3.01 | B4: ביצוע נקודת הפעלה וחיבור למעגל תאורה מטיפוס {טיפוס}, באזור {אזור}, לפי תכנון החשמל, כולל {תשתית, חיבור ואביזרי הפעלה}. אספקת והתקנת גופי התאורה אינן נכללות בסעיף זה. | C4: נק' | F4: =IF(ISBLANK(D4),"",IF(NOT(ISNUMBER(D4)),"קלט לא תקין",IF(D4<0,"קלט לא תקין",IF(ISBLANK(E4),"",IF(OR(E4="כלול",E4="לא רלוונטי"),0,IF(NOT(ISNUMBER(E4)),"קלט לא תקין",IF(E4<0,"קלט לא תקין",ROUND(D4*E4,2)))))))) | G4: d8224804-cc57-4fc1-a928-c1c5f6109c5a | H4: item
A5: 3.02 | B5: ביצוע יציאה נוספת לגוף תאורה המשויך למעגל {זיהוי}, לפי תכנון החשמל; תכולת החיבור: {פירוט}. | C5: יח' | F5: =IF(ISBLANK(D5),"",IF(NOT(ISNUMBER(D5)),"קלט לא תקין",IF(D5<0,"קלט לא תקין",IF(ISBLANK(E5),"",IF(OR(E5="כלול",E5="לא רלוונטי"),0,IF(NOT(ISNUMBER(E5)),"קלט לא תקין",IF(E5<0,"קלט לא תקין",ROUND(D5*E5,2)))))))) | G5: bb8e6de5-3101-4601-8d5c-3d4e29d022c2 | H5: item
A6: 3.03 | B6: התקנת וחיבור גוף תאורה מטיפוס {טיפוס} על תשתית {קיימת או חדשה}, לרבות אביזרי ההתקנה המוגדרים. אספקת הגוף: {אחריות}. | C6: יח' | F6: =IF(ISBLANK(D6),"",IF(NOT(ISNUMBER(D6)),"קלט לא תקין",IF(D6<0,"קלט לא תקין",IF(ISBLANK(E6),"",IF(OR(E6="כלול",E6="לא רלוונטי"),0,IF(NOT(ISNUMBER(E6)),"קלט לא תקין",IF(E6<0,"קלט לא תקין",ROUND(D6*E6,2)))))))) | G6: 3f2a7e98-ab2e-42cd-afdf-8742fd757964 | H6: item
A7: 3.04 | B7: ביצוע נקודת כוח חד־פאזית עבור {ייעוד}, באזור {אזור}, עם האביזר והתשתית לפי תכנון החשמל ובגבולות {תכולה}. | C7: נק' | F7: =IF(ISBLANK(D7),"",IF(NOT(ISNUMBER(D7)),"קלט לא תקין",IF(D7<0,"קלט לא תקין",IF(ISBLANK(E7),"",IF(OR(E7="כלול",E7="לא רלוונטי"),0,IF(NOT(ISNUMBER(E7)),"קלט לא תקין",IF(E7<0,"קלט לא תקין",ROUND(D7*E7,2)))))))) | G7: 9d12a976-3562-45e1-8e69-70ed8420b6cf | H7: item
A8: 3.05 | B8: ביצוע נקודת כוח תלת־פאזית עבור {ציוד}, לפי מפרט ההזנה של מתכנן החשמל ויצרן הציוד. אביזר החיבור וגבול העבודה: {פירוט}. | C8: נק' | F8: =IF(ISBLANK(D8),"",IF(NOT(ISNUMBER(D8)),"קלט לא תקין",IF(D8<0,"קלט לא תקין",IF(ISBLANK(E8),"",IF(OR(E8="כלול",E8="לא רלוונטי"),0,IF(NOT(ISNUMBER(E8)),"קלט לא תקין",IF(E8<0,"קלט לא תקין",ROUND(D8*E8,2)))))))) | G8: 6c6c809b-894a-4ec9-8192-038b61693248 | H8: item
A9: 3.06 | B9: ביצוע נקודת הזנה למיזוג אוויר עבור {יחידה}, בהתאם לתכנון החשמל והמיזוג, לרבות אביזר סיום וגבול חיבור {פירוט}. | C9: נק' | F9: =IF(ISBLANK(D9),"",IF(NOT(ISNUMBER(D9)),"קלט לא תקין",IF(D9<0,"קלט לא תקין",IF(ISBLANK(E9),"",IF(OR(E9="כלול",E9="לא רלוונטי"),0,IF(NOT(ISNUMBER(E9)),"קלט לא תקין",IF(E9<0,"קלט לא תקין",ROUND(D9*E9,2)))))))) | G9: 36a6e736-ee93-4b43-8808-c8f3420bf915 | H9: item
A10: 3.07 | B10: ביצוע נקודת הזנה למפוח עבור {יחידה וייעוד}, בהתאם לתכנון החשמל והאוורור, לרבות אביזר סיום וגבול חיבור {פירוט}. | C10: נק' | F10: =IF(ISBLANK(D10),"",IF(NOT(ISNUMBER(D10)),"קלט לא תקין",IF(D10<0,"קלט לא תקין",IF(ISBLANK(E10),"",IF(OR(E10="כלול",E10="לא רלוונטי"),0,IF(NOT(ISNUMBER(E10)),"קלט לא תקין",IF(E10<0,"קלט לא תקין",ROUND(D10*E10,2)))))))) | G10: 45c1d35e-e319-45a3-b29b-b48780e1fcee | H10: item
A11: 3.08 | B11: ביצוע תשתית תקשורת מטיפוס {סוג}, בין נקודות {קצוות}, לרבות צנרת, חוט משיכה ואביזרי סיום שנקבעו. כבילה פעילה וציוד קצה: {תכולה ואחריות}. | C11: נק' | F11: =IF(ISBLANK(D11),"",IF(NOT(ISNUMBER(D11)),"קלט לא תקין",IF(D11<0,"קלט לא תקין",IF(ISBLANK(E11),"",IF(OR(E11="כלול",E11="לא רלוונטי"),0,IF(NOT(ISNUMBER(E11)),"קלט לא תקין",IF(E11<0,"קלט לא תקין",ROUND(D11*E11,2)))))))) | G11: a9628f62-ba5a-421a-89aa-ddc68a58b73a | H11: item
A12: 3.09 | B12: אספקה והתקנת לוח חשמל {זיהוי}, כולל מכלול הרכיבים, הסימון, החיווט והחיבור שנקבעו בתכנון החשמל. גודל החיבור והמפרט יושלמו בפרויקט. | C12: קומפ' | F12: =IF(ISBLANK(D12),"",IF(NOT(ISNUMBER(D12)),"קלט לא תקין",IF(D12<0,"קלט לא תקין",IF(ISBLANK(E12),"",IF(OR(E12="כלול",E12="לא רלוונטי"),0,IF(NOT(ISNUMBER(E12)),"קלט לא תקין",IF(E12<0,"קלט לא תקין",ROUND(D12*E12,2)))))))) | G12: 7d5049dd-0007-4333-bc2a-6610832f62c9 | H12: item
A13: 3.10 | B13: ביצוע מערכת תאורת חירום בתכולת {היקף}, לפי תכנון החשמל והבטיחות המאושרים לפרויקט; אספקה, התקנה וחיבורים: {פירוט}. | C13: קומפ' | F13: =IF(ISBLANK(D13),"",IF(NOT(ISNUMBER(D13)),"קלט לא תקין",IF(D13<0,"קלט לא תקין",IF(ISBLANK(E13),"",IF(OR(E13="כלול",E13="לא רלוונטי"),0,IF(NOT(ISNUMBER(E13)),"קלט לא תקין",IF(E13<0,"קלט לא תקין",ROUND(D13*E13,2)))))))) | G13: 981b80ef-cac7-4789-8411-30ef09424adf | H13: item
H14: spacer
B15: סיכום חלקי פרק 3 להעברה | F15: =SUM(F4,F5,F6,F7,F8,F9,F10,F11,F12,F13) -> 0 | H15: total

Sheet הכנות רצפה והגבהות
B1: הכנות רצפה והגבהות | G1: 8b9cfaee-378c-456f-9f68-a6fac44cd52b | H1: chapter
A2: סעיף | B2: תיאור עבודה | C2: יח׳ | D2: כמות | E2: מחיר יחידה | F2: סה״כ | H2: columns
B3: הכנת רצפה והגבהה יפורטו רק כשנדרשות בפרויקט. יש להגדיר גבול בין הכנת המשטח, איטום וריצוף, בלי לחייב אותה שכבה פעמיים. חומר, עומס ומפלסים ייקבעו בתכנון המאושר. | G3: 6289125b-241c-4b26-a5f3-a5c7f04acd5f | H3: note
B4: ביצוע שכבת הכנה, מילוי או הגבהה באזור {אזור}, מחומר {מערכת}, בעובי ובמפלס {נתונים}, לרבות {תשתית, גמר והשלמות נכללים}, לפי פרט מאושר. | C4: מ"ר | F4: =IF(ISBLANK(D4),"",IF(NOT(ISNUMBER(D4)),"קלט לא תקין",IF(D4<0,"קלט לא תקין",IF(ISBLANK(E4),"",IF(OR(E4="כלול",E4="לא רלוונטי"),0,IF(NOT(ISNUMBER(E4)),"קלט לא תקין",IF(E4<0,"קלט לא תקין",ROUND(D4*E4,2)))))))) | G4: 8db23237-d935-4bd6-908d-ce37bc84c0b1 | H4: item
H5: spacer
H6: spacer
B7: סיכום חלקי פרק להעברה | F7: =SUM(F4) -> 0 | H7: total

Sheet איטום
A1: 4 | B1: איטום | G1: 196edd45-2b20-40db-95bb-04fd2a622d8f | H1: chapter
A2: סעיף | B2: תיאור עבודה | C2: יח׳ | D2: כמות | E2: מחיר יחידה | F2: סה״כ | H2: columns
B3: מערכת האיטום תיקבע לפי התשתית, השימוש, החדירות והמפגשים בפרויקט. כל סעיף יפרט את הכנת התשתית, סיומות, טיפול בנקזים ובפתחים ובדיקות נדרשות. אין ברירת מחדל לשיטת איטום, עובי, גובה רולקה או מותג. | G3: de8fc9d4-8a0f-4947-800b-313485b86fc0 | H3: note
A4: 4.01 | B4: ביצוע איטום באזור רטוב {זיהוי ואזור}, במערכת {מפרט מאושר}, לרבות הכנת תשתית, מפגשי קיר ורצפה, חדירות וסיומות לפי הפרט. בדיקות ותכולת ההכנה: {פירוט}. | C4: מ"ר | F4: =IF(ISBLANK(D4),"",IF(NOT(ISNUMBER(D4)),"קלט לא תקין",IF(D4<0,"קלט לא תקין",IF(ISBLANK(E4),"",IF(OR(E4="כלול",E4="לא רלוונטי"),0,IF(NOT(ISNUMBER(E4)),"קלט לא תקין",IF(E4<0,"קלט לא תקין",ROUND(D4*E4,2)))))))) | G4: 778ca044-7131-45a4-bf35-2a0ce6d048db | H4: item
H5: spacer
H6: spacer
B7: סיכום חלקי פרק 4 להעברה | F7: =SUM(F4) -> 0 | H7: total

Sheet דלתות פנים
A1: 5 | B1: דלתות פנים | G1: 1dcb1745-369e-47c4-9453-fdeb8075f03f | H1: chapter
A2: סעיף | B2: תיאור עבודה | C2: יח׳ | D2: כמות | E2: מחיר יחידה | F2: סה״כ | H2: columns
B3: מחיר כל טיפוס דלת כולל כנף, משקוף, הלבשות, פרזול, גמר, הובלה והרכבה לפי תיאור הסעיף. סוגי מילוי, צירים, פתיחה והתאמת נגישות או בטיחות יוגדרו בפרויקט; אין הוראה כללית של פרזול הסותרת טיפוס דלת. | G3: 8dafd192-ccc3-4539-ba1c-a355d7e2f84c | H3: note
A4: 5.01 | B4: אספקה והתקנת דלת פנים מטיפוס {זיהוי}. מידות ופתיחה: {מידות וכיוון}; כנף ומילוי: {מפרט}; משקוף והלבשות: {מפרט}; פרזול: {מפרט}; גמר וגוון: {מפרט}; תכנית ופרט: {הפניה}. | C4: יח' | F4: =IF(ISBLANK(D4),"",IF(NOT(ISNUMBER(D4)),"קלט לא תקין",IF(D4<0,"קלט לא תקין",IF(ISBLANK(E4),"",IF(OR(E4="כלול",E4="לא רלוונטי"),0,IF(NOT(ISNUMBER(E4)),"קלט לא תקין",IF(E4<0,"קלט לא תקין",ROUND(D4*E4,2)))))))) | G4: a1a756a8-f169-4791-9b6f-7a867d122b01 | H4: item
H5: spacer
H6: spacer
B7: סיכום חלקי פרק 5 להעברה | F7: =SUM(F4) -> 0 | H7: total

Sheet ריצוף וחיפוי
A1: 6 | B1: ריצוף וחיפוי | G1: ab852d46-ff7a-4ec2-917b-c839ffefa433 | H1: chapter
A2: סעיף | B2: תיאור עבודה | C2: יח׳ | D2: כמות | E2: מחיר יחידה | F2: סה״כ | H2: columns
B3: מחירי עבודות הריצוף והחיפוי כוללים הכנת תשתית בתכולה שנקבעה, חומרי עזר, חיתוכים, התאמות, פינות ורובה בהתאם למפרט. אספקת האריחים תתומחר בפרק האספקות כשאינו כבוי; פנלים המופיעים בסעיף נפרד אינם כלולים שוב במחיר השטח. | G3: 578f5122-2436-457e-8d87-21ad01d0d5f6 | H3: note
A4: 6.01 | B4: ריצוף אזור {אזור}, באריחי {חומר, דגם ומידה}, על תשתית {סוג}, עם מישקים {רוחב}, רובה {סוג וגוון} וגמר פינות {פירוט}. תכולת אספקת האריחים: {אחריות}. | C4: מ"ר | F4: =IF(ISBLANK(D4),"",IF(NOT(ISNUMBER(D4)),"קלט לא תקין",IF(D4<0,"קלט לא תקין",IF(ISBLANK(E4),"",IF(OR(E4="כלול",E4="לא רלוונטי"),0,IF(NOT(ISNUMBER(E4)),"קלט לא תקין",IF(E4<0,"קלט לא תקין",ROUND(D4*E4,2)))))))) | G4: 82aa94d1-be99-4a61-8f18-395c4cf8767f | H4: item
A5: 6.02 | B5: ריצוף אזור הכנת מזון או שטח רטוב {אזור}, באריחים {סוג, מידה וגמר מאושרים לשימוש}, לרבות טיפול במפגשים ובנקזים לפי הפרט, מישקים ורובה {מפרט}. | C5: מ"ר | F5: =IF(ISBLANK(D5),"",IF(NOT(ISNUMBER(D5)),"קלט לא תקין",IF(D5<0,"קלט לא תקין",IF(ISBLANK(E5),"",IF(OR(E5="כלול",E5="לא רלוונטי"),0,IF(NOT(ISNUMBER(E5)),"קלט לא תקין",IF(E5<0,"קלט לא תקין",ROUND(D5*E5,2)))))))) | G5: 634bc9c2-5074-4259-a457-fe10042f8a36 | H5: item
A6: 6.03 | B6: חיפוי קירות באזור {אזור}, באריחים {חומר, דגם ומידה}, לגובה {גובה}, בדוגמה {דוגמה}, עם מישקים, רובה וגמר פינות {מפרט}. תכולת אספקת האריחים: {אחריות}. | C6: מ"ר | F6: =IF(ISBLANK(D6),"",IF(NOT(ISNUMBER(D6)),"קלט לא תקין",IF(D6<0,"קלט לא תקין",IF(ISBLANK(E6),"",IF(OR(E6="כלול",E6="לא רלוונטי"),0,IF(NOT(ISNUMBER(E6)),"קלט לא תקין",IF(E6<0,"קלט לא תקין",ROUND(D6*E6,2)))))))) | G6: 1c241e50-ec6a-4d2a-a372-2963c1d59191 | H6: item
A7: 6.04 | B7: התקנת פנל תואם לריצוף {חומר וגמר}, בגובה {גובה}, לאורך האזור {אזור}, לרבות פינות וסיומות לפי הפרט. | C7: מ.א. | F7: =IF(ISBLANK(D7),"",IF(NOT(ISNUMBER(D7)),"קלט לא תקין",IF(D7<0,"קלט לא תקין",IF(ISBLANK(E7),"",IF(OR(E7="כלול",E7="לא רלוונטי"),0,IF(NOT(ISNUMBER(E7)),"קלט לא תקין",IF(E7<0,"קלט לא תקין",ROUND(D7*E7,2)))))))) | G7: c9bade76-1952-42f5-a06e-e35d1fc719f5 | H7: item
H8: spacer
B9: סיכום חלקי פרק 6 להעברה | F9: =SUM(F4,F5,F6,F7) -> 0 | H9: total

Sheet תקרות והנמכות
A1: 7 | B1: תקרות והנמכות | G1: f248c788-8fa3-45d7-9188-33e5e6c31c8f | H1: chapter
A2: סעיף | B2: תיאור עבודה | C2: יח׳ | D2: כמות | E2: מחיר יחידה | F2: סה״כ | H2: columns
B3: המחירים כוללים תשתית, תלייה, חיבורים, פרופילי גמר ופתחים למערכות לפי מפרט התקרה. יש להגדיר סוג לוח או אריח, גובה, טיפול אקוסטי וחיזוקים. גמר צבע מתומחר בנפרד אם אינו מפורש כחלק מהמוצר. | G3: e33df97c-e56d-4fd6-8115-24ed0478f536 | H3: note
A4: 7.01 | B4: ביצוע הנמכת תקרה באזור {אזור}, במערכת {סוג ושכבות}, בגובה {גובה}, לרבות התשתית, פתחים וחיזוקים המפורטים בתכנון. | C4: מ"ר | F4: =IF(ISBLANK(D4),"",IF(NOT(ISNUMBER(D4)),"קלט לא תקין",IF(D4<0,"קלט לא תקין",IF(ISBLANK(E4),"",IF(OR(E4="כלול",E4="לא רלוונטי"),0,IF(NOT(ISNUMBER(E4)),"קלט לא תקין",IF(E4<0,"קלט לא תקין",ROUND(D4*E4,2)))))))) | G4: 4671e132-bee1-4954-a216-069252c10229 | H4: item
A5: 7.02 | B5: ביצוע קרניז מטיפוס {טיפוס}, בחתך ובגובה {מידות}, באזור {אזור}, לרבות הכנה לתאורה או למיזוג לפי הפרט וללא אספקת גוף התאורה. | C5: מ.א. | F5: =IF(ISBLANK(D5),"",IF(NOT(ISNUMBER(D5)),"קלט לא תקין",IF(D5<0,"קלט לא תקין",IF(ISBLANK(E5),"",IF(OR(E5="כלול",E5="לא רלוונטי"),0,IF(NOT(ISNUMBER(E5)),"קלט לא תקין",IF(E5<0,"קלט לא תקין",ROUND(D5*E5,2)))))))) | G5: 252a6f8f-f2ec-4b83-a261-c82ae44d5205 | H5: item
A6: 7.03 | B6: אספקה והתקנת תקרה פריקה מטיפוס {טיפוס}, באזור {אזור}, במידות מודול ובגמר {מפרט}, לרבות תשתית, פרופילי סיום ופתחים לפי התכנון. | C6: מ"ר | F6: =IF(ISBLANK(D6),"",IF(NOT(ISNUMBER(D6)),"קלט לא תקין",IF(D6<0,"קלט לא תקין",IF(ISBLANK(E6),"",IF(OR(E6="כלול",E6="לא רלוונטי"),0,IF(NOT(ISNUMBER(E6)),"קלט לא תקין",IF(E6<0,"קלט לא תקין",ROUND(D6*E6,2)))))))) | G6: bdb673d8-fc02-4ddd-aa2f-fac76574b72a | H6: item
A7: 7.04 | B7: אספקה והתקנת תקרה אקוסטית מסוג {סוג}, במודול ובגמר {מפרט}, באזור {אזור}, לרבות התשתית והחיבורים המתאימים כמפורט בתכנון. | C7: מ"ר | F7: =IF(ISBLANK(D7),"",IF(NOT(ISNUMBER(D7)),"קלט לא תקין",IF(D7<0,"קלט לא תקין",IF(ISBLANK(E7),"",IF(OR(E7="כלול",E7="לא רלוונטי"),0,IF(NOT(ISNUMBER(E7)),"קלט לא תקין",IF(E7<0,"קלט לא תקין",ROUND(D7*E7,2)))))))) | G7: 6ef2ce5e-5af5-41a1-9f68-39b930d75f93 | H7: item
H8: spacer
B9: סיכום חלקי פרק 7 להעברה | F9: =SUM(F4,F5,F6,F7) -> 0 | H9: total

Sheet צבע וגמרים דקורטיביים
A1: 8 | B1: צבע וגמרים דקורטיביים | G1: b9b9537a-cd70-43dc-9fbc-711fc3dee4b6 | H1: chapter
A2: סעיף | B2: תיאור עבודה | C2: יח׳ | D2: כמות | E2: מחיר יחידה | F2: סה״כ | H2: columns
B3: עבודות הצבע כוללות הכנת תשתית, תיקונים וחומרי יסוד וגמר לפי מערכת מתאימה למשטח ולהוראות המוצר שנבחר. הגוון, הברק והמרקם יושלמו בפרויקט. הוראות דילול ישנות אינן חלק מהתבנית. | G3: 4a4fc8d9-cb26-4bd2-b125-0f20b34dbe4e | H3: note
A4: 8.01 | B4: הכנת וצביעת קירות באזור {אזור}, לרבות תיקוני תשתית והחלקה בתכולת {פירוט}, במערכת צבע {סוג}, בגוון ובגמר {מפרט}. | C4: מ"ר | F4: =IF(ISBLANK(D4),"",IF(NOT(ISNUMBER(D4)),"קלט לא תקין",IF(D4<0,"קלט לא תקין",IF(ISBLANK(E4),"",IF(OR(E4="כלול",E4="לא רלוונטי"),0,IF(NOT(ISNUMBER(E4)),"קלט לא תקין",IF(E4<0,"קלט לא תקין",ROUND(D4*E4,2)))))))) | G4: 69c1bc09-39f8-46fc-be73-cd7d1763ee4a | H4: item
A5: 8.02 | B5: הכנת וצביעת תקרות והנמכות באזור {אזור}, לרבות תיקוני תשתית והחלקה בתכולת {פירוט}, במערכת צבע {סוג}, בגוון ובגמר {מפרט}. | C5: מ"ר | F5: =IF(ISBLANK(D5),"",IF(NOT(ISNUMBER(D5)),"קלט לא תקין",IF(D5<0,"קלט לא תקין",IF(ISBLANK(E5),"",IF(OR(E5="כלול",E5="לא רלוונטי"),0,IF(NOT(ISNUMBER(E5)),"קלט לא תקין",IF(E5<0,"קלט לא תקין",ROUND(D5*E5,2)))))))) | G5: be2ab50e-2cf5-44de-b1d9-b412cc06f11b | H5: item
A6: 8.03 | B6: ביצוע גמר דקורטיבי מסוג {סוג}, על תשתית {סוג}, באזור {אזור}, בדוגמה, מרקם וגוון {מפרט}, לרבות שכבות הכנה וגמר שנקבעו. | C6: מ"ר | F6: =IF(ISBLANK(D6),"",IF(NOT(ISNUMBER(D6)),"קלט לא תקין",IF(D6<0,"קלט לא תקין",IF(ISBLANK(E6),"",IF(OR(E6="כלול",E6="לא רלוונטי"),0,IF(NOT(ISNUMBER(E6)),"קלט לא תקין",IF(E6<0,"קלט לא תקין",ROUND(D6*E6,2)))))))) | G6: 1ad47c84-a045-4e5a-9950-e03ee1ae7437 | H6: item
H7: spacer
H8: spacer
B9: סיכום חלקי פרק 8 להעברה | F9: =SUM(F4,F5,F6) -> 0 | H9: total

Sheet נגרות ייעודית
A1: 9 | B1: נגרות ייעודית | G1: e633166c-c82d-4477-bbe9-6d25304c1afe | H1: chapter
A2: סעיף | B2: תיאור עבודה | C2: יח׳ | D2: כמות | E2: מחיר יחידה | F2: סה״כ | H2: columns
B3: מחיר כל פריט נגרות כולל את החומרים, החיפויים, הפרזול, הגמר, ההובלה וההרכבה שפורטו בסעיף. רכיבי מתכת, משטחי אבן או חומר מיוחד, זיגוג וציוד שמופיעים בפרק נפרד מוחרגים ממחיר הנגרות. מידות, גוונים ודגמים יושלמו לכל פריט. | G3: ffbc5a21-9bb9-4e69-b20a-ae459bf26bf5 | H3: note
A4: 9.01 | B4: אספקה והתקנת משטח הגשה ואכילה לדלפק {זיהוי}, מחומר {סוג}, במידות חתך {מידות}, בגמר {גמר}, עם קנט קדמי ואחורי {מפרט}. תשתית מסגרות, דפנות ומשטחים מיוחדים מתומחרים בנפרד ככל שהוגדרו בפרקים שלהם. | C4: מ.א. | F4: =IF(ISBLANK(D4),"",IF(NOT(ISNUMBER(D4)),"קלט לא תקין",IF(D4<0,"קלט לא תקין",IF(ISBLANK(E4),"",IF(OR(E4="כלול",E4="לא רלוונטי"),0,IF(NOT(ISNUMBER(E4)),"קלט לא תקין",IF(E4<0,"קלט לא תקין",ROUND(D4*E4,2)))))))) | G4: cba583e1-42f7-49e6-b5be-1f3e1e50ac82 | H4: item
A5: 9.02 | B5: אספקה והתקנת דופן פנימית לדלפק {זיהוי}, מחומר {סוג}, בגובה ובעובי {מידות}, בגמר {גמר}, על תשתית {סוג}, לרבות פתחים והתאמות לציוד לפי הפרט. | C5: מ.א. | F5: =IF(ISBLANK(D5),"",IF(NOT(ISNUMBER(D5)),"קלט לא תקין",IF(D5<0,"קלט לא תקין",IF(ISBLANK(E5),"",IF(OR(E5="כלול",E5="לא רלוונטי"),0,IF(NOT(ISNUMBER(E5)),"קלט לא תקין",IF(E5<0,"קלט לא תקין",ROUND(D5*E5,2)))))))) | G5: 95f8c37f-6d48-4c27-ab43-9b530634fbe6 | H5: item
A6: 9.03 | B6: אספקה והתקנת דופן חיצונית או חיפוי נגרות לדלפק {זיהוי}, בגובה ובחלוקה {מידות}, מחומר ובגמר {מפרט}, על גבי {תשתית}. חיפוי אריחים ורכיבי מיתוג אינם כלולים אם תומחרו בנפרד. | C6: מ.א. | F6: =IF(ISBLANK(D6),"",IF(NOT(ISNUMBER(D6)),"קלט לא תקין",IF(D6<0,"קלט לא תקין",IF(ISBLANK(E6),"",IF(OR(E6="כלול",E6="לא רלוונטי"),0,IF(NOT(ISNUMBER(E6)),"קלט לא תקין",IF(E6<0,"קלט לא תקין",ROUND(D6*E6,2)))))))) | G6: 964dddd6-77d5-42c3-9a9f-399ca9121a0c | H6: item
A7: 9.04 | B7: אספקה והתקנת שער או דלת כניסה לדלפק מטיפוס {טיפוס}, במידות {מידות}, מחומר ובגמר {מפרט}, לרבות מסגרת, צירים, סגירה וחיבורים כפי שנקבעו בפרט. | C7: יח' | F7: =IF(ISBLANK(D7),"",IF(NOT(ISNUMBER(D7)),"קלט לא תקין",IF(D7<0,"קלט לא תקין",IF(ISBLANK(E7),"",IF(OR(E7="כלול",E7="לא רלוונטי"),0,IF(NOT(ISNUMBER(E7)),"קלט לא תקין",IF(E7<0,"קלט לא תקין",ROUND(D7*E7,2)))))))) | G7: 97d51565-8a8b-4a55-820a-1152d2a8e806 | H7: item
A8: 9.05 | B8: אספקה והתקנת יחידת מדפים או בר תצוגה אחורי לדלפק {זיהוי}, במידות {מידות}, מחומרי {מפרט}, בגמר {גמר}, לרבות פרזול ועיגון. מסגרות תמיכה ומראות בפרקים נפרדים אינן כלולות. | C8: מ"ר | F8: =IF(ISBLANK(D8),"",IF(NOT(ISNUMBER(D8)),"קלט לא תקין",IF(D8<0,"קלט לא תקין",IF(ISBLANK(E8),"",IF(OR(E8="כלול",E8="לא רלוונטי"),0,IF(NOT(ISNUMBER(E8)),"קלט לא תקין",IF(E8<0,"קלט לא תקין",ROUND(D8*E8,2)))))))) | G8: 78bc6d7c-92e7-4690-8978-7e7b16428afb | H8: item
A9: 9.06 | B9: אספקה והתקנת עמדת מלצרים מטיפוס {טיפוס}, במידות {מידות}, הכוללת ארון, חלוקה פנימית, דלתות ומגירות {פירוט}; חומרי פנים וחוץ, גמר ופרזול {מפרט}. | C9: יח' | F9: =IF(ISBLANK(D9),"",IF(NOT(ISNUMBER(D9)),"קלט לא תקין",IF(D9<0,"קלט לא תקין",IF(ISBLANK(E9),"",IF(OR(E9="כלול",E9="לא רלוונטי"),0,IF(NOT(ISNUMBER(E9)),"קלט לא תקין",IF(E9<0,"קלט לא תקין",ROUND(D9*E9,2)))))))) | G9: 47042844-88cd-467c-9dee-50ba0e9b1af8 | H9: item
A10: 9.07 | B10: אספקה והתקנת עמדת משלוחים מטיפוס {טיפוס}, במידות {מידות}, מחומרים ובגמר {מפרט}, לרבות חלוקה פנימית, פרזול ופתחים המוגדרים לפריט. | C10: יח' | F10: =IF(ISBLANK(D10),"",IF(NOT(ISNUMBER(D10)),"קלט לא תקין",IF(D10<0,"קלט לא תקין",IF(ISBLANK(E10),"",IF(OR(E10="כלול",E10="לא רלוונטי"),0,IF(NOT(ISNUMBER(E10)),"קלט לא תקין",IF(E10<0,"קלט לא תקין",ROUND(D10*E10,2)))))))) | G10: 7e9f00e3-719a-4995-a68e-1ccbae316db0 | H10: item
A11: 9.08 | B11: אספקה והתקנת ארון שירות מטיפוס {טיפוס}, במידות {מידות}, בחלוקה {חלוקה}, מחומרים ובגמר {מפרט}, לרבות פרזול וחיבורים. משטח עליון מתומחר בנפרד בפרק המשטחים. | C11: יח' | F11: =IF(ISBLANK(D11),"",IF(NOT(ISNUMBER(D11)),"קלט לא תקין",IF(D11<0,"קלט לא תקין",IF(ISBLANK(E11),"",IF(OR(E11="כלול",E11="לא רלוונטי"),0,IF(NOT(ISNUMBER(E11)),"קלט לא תקין",IF(E11<0,"קלט לא תקין",ROUND(D11*E11,2)))))))) | G11: 52f54e25-674e-47cd-9c30-34b0600c50af | H11: item
H12: spacer
A13: 9 | B13: נגרות ייעודית (המשך) | H13: heading
A14: סעיף | B14: תיאור עבודה | C14: יח׳ | D14: כמות | E14: מחיר יחידה | F14: סה״כ | H14: columns
B15: מפרט משותף לפלטות שולחן: תשתית {חומר}, גמר עליון ותחתון {מפרט}, קנט {מפרט}, הכנות וחיבור לרגל {מפרט}. כל גודל או טיפוס בתמחור שונה יופיע כסעיף עצמאי. המידות אינן ערכי ברירת מחדל. | G15: f9cf54ca-62f3-4481-a7a2-06d7941296cd | H15: note
A16: 9.09 | B16: פלטת שולחן מטיפוס {טיפוס א}, במידות {מידות א}, לפי המפרט המשותף, לרבות {תכולת הכנות וחיבור}. | C16: יח' | F16: =IF(ISBLANK(D16),"",IF(NOT(ISNUMBER(D16)),"קלט לא תקין",IF(D16<0,"קלט לא תקין",IF(ISBLANK(E16),"",IF(OR(E16="כלול",E16="לא רלוונטי"),0,IF(NOT(ISNUMBER(E16)),"קלט לא תקין",IF(E16<0,"קלט לא תקין",ROUND(D16*E16,2)))))))) | G16: 5b91937d-d5a4-450e-82db-e1e200f68edb | H16: item
A17: 9.10 | B17: פלטת שולחן מטיפוס {טיפוס ב}, במידות {מידות ב}, לפי המפרט המשותף, לרבות {תכולת הכנות וחיבור}. | C17: יח' | F17: =IF(ISBLANK(D17),"",IF(NOT(ISNUMBER(D17)),"קלט לא תקין",IF(D17<0,"קלט לא תקין",IF(ISBLANK(E17),"",IF(OR(E17="כלול",E17="לא רלוונטי"),0,IF(NOT(ISNUMBER(E17)),"קלט לא תקין",IF(E17<0,"קלט לא תקין",ROUND(D17*E17,2)))))))) | G17: 5a0076dc-488a-43ef-bd57-28364ac3ab2b | H17: item
A18: 9.11 | B18: פלטת שולחן מטיפוס {טיפוס ג}, במידות {מידות ג}, לפי המפרט המשותף, לרבות {תכולת הכנות וחיבור}. | C18: יח' | F18: =IF(ISBLANK(D18),"",IF(NOT(ISNUMBER(D18)),"קלט לא תקין",IF(D18<0,"קלט לא תקין",IF(ISBLANK(E18),"",IF(OR(E18="כלול",E18="לא רלוונטי"),0,IF(NOT(ISNUMBER(E18)),"קלט לא תקין",IF(E18<0,"קלט לא תקין",ROUND(D18*E18,2)))))))) | G18: 08730476-fd89-44b8-89da-dbecd4055bea | H18: item
H19: spacer
H20: spacer
B21: סיכום חלקי פרק 9 להעברה | F21: =SUM(F4,F5,F6,F7,F8,F9,F10,F11,F16,F17,F18) -> 0 | H21: total

Sheet מסגרות
B1: מסגרות | G1: aa8b233c-172a-4837-8e5e-bc57b50350b1 | H1: chapter
A2: סעיף | B2: תיאור עבודה | C2: יח׳ | D2: כמות | E2: מחיר יחידה | F2: סה״כ | H2: columns
B3: עבודות המסגרות כוללות חומרי גלם, חיבורים, עיגון, הכנת שטח וגמר לפי מפרט הפריט, הובלה והרכבה. פרופילים, עוביים ופרטי תלייה אינם מועתקים כקבועים. רכיבי נגרות, זכוכית ותאורה בפרקים אחרים מוחרגים מהמחיר. | G3: 7a7ca4ff-6f1f-44c1-bbcb-1e5884715d4b | H3: note
B4: אספקה והתקנת שלד מסגרות לדלפק {זיהוי}, במערכת פרופילים {מפרט}, בגובה ובחלוקה {מידות}, לרבות עיגון והכנות מוגדרות למעבר תשתיות. גמרי נגרות, אריחים ומשטחים אינם כלולים בסעיף זה. | C4: מ.א. | F4: =IF(ISBLANK(D4),"",IF(NOT(ISNUMBER(D4)),"קלט לא תקין",IF(D4<0,"קלט לא תקין",IF(ISBLANK(E4),"",IF(OR(E4="כלול",E4="לא רלוונטי"),0,IF(NOT(ISNUMBER(E4)),"קלט לא תקין",IF(E4<0,"קלט לא תקין",ROUND(D4*E4,2)))))))) | G4: 04793ad5-6b64-4016-86dd-25634be585e1 | H4: item
B5: אספקה והתקנת יחידת מדפי מתכת או מתקן תצוגה מטיפוס {טיפוס}, במידות {מידות}, מפרופילים ומשטחים {מפרט}, בגמר {גמר}, לרבות תלייה או עיגון המוגדרים לפריט. | C5: יח' | F5: =IF(ISBLANK(D5),"",IF(NOT(ISNUMBER(D5)),"קלט לא תקין",IF(D5<0,"קלט לא תקין",IF(ISBLANK(E5),"",IF(OR(E5="כלול",E5="לא רלוונטי"),0,IF(NOT(ISNUMBER(E5)),"קלט לא תקין",IF(E5<0,"קלט לא תקין",ROUND(D5*E5,2)))))))) | G5: 1e50aaa8-d2af-4a57-a53e-85bf939abee5 | H5: item
B6: אספקה והתקנת מסגרת תמיכה לפריט {זיהוי}, במידות {מידות}, מפרופילים ובגמר {מפרט}, לרבות עיגון והכנות כמפורט. הפריט הנתמך מתומחר בנפרד. | C6: יח' | F6: =IF(ISBLANK(D6),"",IF(NOT(ISNUMBER(D6)),"קלט לא תקין",IF(D6<0,"קלט לא תקין",IF(ISBLANK(E6),"",IF(OR(E6="כלול",E6="לא רלוונטי"),0,IF(NOT(ISNUMBER(E6)),"קלט לא תקין",IF(E6<0,"קלט לא תקין",ROUND(D6*E6,2)))))))) | G6: ad33b3e7-84d4-44c1-89b8-a01d3219a77e | H6: item
B7: אספקה והתקנת מחיצה או מסגרת דקורטיבית באזור {אזור}, במידות ובחלוקה {מפרט}, מפרופילים ובגמר {מפרט}. מילוי נגרות, אריחים או זכוכית מתומחר בפרק המתאים. | C7: מ"ר | F7: =IF(ISBLANK(D7),"",IF(NOT(ISNUMBER(D7)),"קלט לא תקין",IF(D7<0,"קלט לא תקין",IF(ISBLANK(E7),"",IF(OR(E7="כלול",E7="לא רלוונטי"),0,IF(NOT(ISNUMBER(E7)),"קלט לא תקין",IF(E7<0,"קלט לא תקין",ROUND(D7*E7,2)))))))) | G7: b521d8c0-4074-4435-880d-e37f7e292119 | H7: item
H8: spacer
B9: סיכום חלקי פרק להעברה | F9: =SUM(F4,F5,F6,F7) -> 0 | H9: total

Sheet אלומיניום וזיגוג
B1: אלומיניום וזיגוג | G1: a9a6b80b-7c80-4b52-a824-70a0b5b53704 | H1: chapter
A2: סעיף | B2: תיאור עבודה | C2: יח׳ | D2: כמות | E2: מחיר יחידה | F2: סה״כ | H2: columns
B3: כל טיפוס פתח או זיגוג יפורט לפי מידות, שימוש, פרופיל, סוג ועובי זכוכית, פרזול וגמר. אין ברירת מחדל לסדרת פרופיל, עובי זכוכית או שיטת עיגון. רכיב מתומחר כאן לא ייכלל שוב במפרט נגרות או מסגרות. | G3: 356281dd-8594-4c38-ab6b-36ce55d89bd4 | H3: note
B4: אספקה והתקנת חלון, דלת או ויטרינה מטיפוס {זיהוי}, במידות {מידות}. סוג פתיחה וחלוקה: {מפרט}; פרופיל וגמר: {מפרט}; זיגוג: {סוג ועובי}; פרזול, אטימה וסיומות: {מפרט}; פרט: {הפניה}. | C4: יח' | F4: =IF(ISBLANK(D4),"",IF(NOT(ISNUMBER(D4)),"קלט לא תקין",IF(D4<0,"קלט לא תקין",IF(ISBLANK(E4),"",IF(OR(E4="כלול",E4="לא רלוונטי"),0,IF(NOT(ISNUMBER(E4)),"קלט לא תקין",IF(E4<0,"קלט לא תקין",ROUND(D4*E4,2)))))))) | G4: 21319fee-c8cf-4a90-800f-53f4e77f9269 | H4: item
B5: אספקה והתקנת לוח זיגוג מטיפוס {זיהוי}, במידות {מידות}, בסוג ובעובי {מפרט}, לרבות חיבורים ופרזול שנקבעו לפרט. שלד המסגרת מתומחר בנפרד ככל שהוגדר בפרק המסגרות. | C5: יח' | F5: =IF(ISBLANK(D5),"",IF(NOT(ISNUMBER(D5)),"קלט לא תקין",IF(D5<0,"קלט לא תקין",IF(ISBLANK(E5),"",IF(OR(E5="כלול",E5="לא רלוונטי"),0,IF(NOT(ISNUMBER(E5)),"קלט לא תקין",IF(E5<0,"קלט לא תקין",ROUND(D5*E5,2)))))))) | G5: aed9ea1e-fd69-4867-96e7-fede62f7ee5d | H5: item
B6: אספקה והתקנת מראה מטיפוס {זיהוי}, במידות ובצורה {מידות}, בסוג ובעובי {מפרט}, עם גמר קצה וחיבור {פירוט}. מסגרת ותאורה נכללות רק אם צוינו במפורש. | C6: יח' | F6: =IF(ISBLANK(D6),"",IF(NOT(ISNUMBER(D6)),"קלט לא תקין",IF(D6<0,"קלט לא תקין",IF(ISBLANK(E6),"",IF(OR(E6="כלול",E6="לא רלוונטי"),0,IF(NOT(ISNUMBER(E6)),"קלט לא תקין",IF(E6<0,"קלט לא תקין",ROUND(D6*E6,2)))))))) | G6: 0af02060-769b-4e58-a589-96ce62a46936 | H6: item
H7: spacer
B8: סיכום חלקי פרק להעברה | F8: =SUM(F4,F5,F6) -> 0 | H8: total

Sheet משטחים מיוחדים
B1: משטחים מיוחדים | G1: 17f73205-543b-4965-a758-ca1afa855243 | H1: chapter
A2: סעיף | B2: תיאור עבודה | C2: יח׳ | D2: כמות | E2: מחיר יחידה | F2: סה״כ | H2: columns
B3: מחירי המשטחים כוללים עיבוד, חיתוכים, פתחים, קנטים, הובלה והרכבה רק כפי שהוגדרו בפריט. חומר, דגם, עובי וחתך הם משתני פרויקט. אותו משטח לא ייכלל שוב במחיר הנגרות או הציוד. | G3: 481365cb-8ad0-4a6f-8373-1e8e503254bb | H3: note
B4: אספקה והתקנת משטח עבודה עבור {פריט}, מחומר ודגם {מפרט}, ברוחב ובעובי {מידות}, לרבות פתחים, קנטים וחיבורים {פירוט}, על תשתית {סוג}. | C4: מ.א. | F4: =IF(ISBLANK(D4),"",IF(NOT(ISNUMBER(D4)),"קלט לא תקין",IF(D4<0,"קלט לא תקין",IF(ISBLANK(E4),"",IF(OR(E4="כלול",E4="לא רלוונטי"),0,IF(NOT(ISNUMBER(E4)),"קלט לא תקין",IF(E4<0,"קלט לא תקין",ROUND(D4*E4,2)))))))) | G4: bf4de58d-6be1-4ec5-af3a-e884234a2538 | H4: item
B5: אספקה והתקנת קופינג או צוקל לדלפק או למחיצה {זיהוי}, מחומר ודגם {מפרט}, בחתך {מידות}, עם פינות, קנטים וחיבורים {פירוט}. | C5: מ.א. | F5: =IF(ISBLANK(D5),"",IF(NOT(ISNUMBER(D5)),"קלט לא תקין",IF(D5<0,"קלט לא תקין",IF(ISBLANK(E5),"",IF(OR(E5="כלול",E5="לא רלוונטי"),0,IF(NOT(ISNUMBER(E5)),"קלט לא תקין",IF(E5<0,"קלט לא תקין",ROUND(D5*E5,2)))))))) | G5: 48495494-e05c-488f-92dc-5e49e35c21e4 | H5: item
B6: אספקה והתקנת משטח כיור לארון {זיהוי}, במידות {מידות}, מחומר ודגם {מפרט}, עם פתחים, קנטים וחיבור {פירוט}. כיור וברז: {כלולים או מוחרגים במפורש}. | C6: יח' | F6: =IF(ISBLANK(D6),"",IF(NOT(ISNUMBER(D6)),"קלט לא תקין",IF(D6<0,"קלט לא תקין",IF(ISBLANK(E6),"",IF(OR(E6="כלול",E6="לא רלוונטי"),0,IF(NOT(ISNUMBER(E6)),"קלט לא תקין",IF(E6<0,"קלט לא תקין",ROUND(D6*E6,2)))))))) | G6: 208a9b9f-913b-46bd-86ba-db67a11bc5d6 | H6: item
H7: spacer
H8: spacer
B9: סיכום חלקי פרק להעברה | F9: =SUM(F4,F5,F6) -> 0 | H9: total

Sheet אספקות גמר נפרדות
B1: אספקות גמר נפרדות | G1: 7c6b3cb0-bd38-4cae-b381-472b19dd32b2 | H1: chapter
A2: סעיף | B2: תיאור עבודה | C2: יח׳ | D2: כמות | E2: מחיר יחידה | F2: סה״כ | H2: columns
B3: פרק אספקות נפתח רק כשהאספקה נפרדת מעבודת ההתקנה. בעת הפעלתו יש להחריג את האספקה ממחירי הפרקים המבצעים. כמויות הרכש ופחת, אם נדרשים, ייקבעו בפרויקט ולא בתבנית. | G3: f19af91b-5b82-4070-84b1-a5f53bdd2030 | H3: note
B4: אספקת אריחי ריצוף או חיפוי מטיפוס {זיהוי}, מחומר ודגם {מפרט}, במידה ובגמר {מפרט}. הובלה ופריקה: {תכולה}; התקנה מתומחרת בנפרד. | C4: מ"ר | F4: =IF(ISBLANK(D4),"",IF(NOT(ISNUMBER(D4)),"קלט לא תקין",IF(D4<0,"קלט לא תקין",IF(ISBLANK(E4),"",IF(OR(E4="כלול",E4="לא רלוונטי"),0,IF(NOT(ISNUMBER(E4)),"קלט לא תקין",IF(E4<0,"קלט לא תקין",ROUND(D4*E4,2)))))))) | G4: 07204b4e-5896-4992-85e5-2ea7e02cfe2b | H4: item
B5: אספקת כלי או אביזר סניטרי מטיפוס {זיהוי}, בדגם ובגמר {מפרט}, לרבות {אביזרים נלווים}. התקנה וחיבור מתומחרים בפרק האינסטלציה. | C5: יח' | F5: =IF(ISBLANK(D5),"",IF(NOT(ISNUMBER(D5)),"קלט לא תקין",IF(D5<0,"קלט לא תקין",IF(ISBLANK(E5),"",IF(OR(E5="כלול",E5="לא רלוונטי"),0,IF(NOT(ISNUMBER(E5)),"קלט לא תקין",IF(E5<0,"קלט לא תקין",ROUND(D5*E5,2)))))))) | G5: 99e68572-4b90-43ff-91f5-5c2cc72bf08f | H5: item
B6: אספקת גוף תאורה מטיפוס {זיהוי}, במפרט ובדגם {מפרט}, עם {ספק, דרייבר ואביזרים נלווים לפי הנדרש}. התקנה ונקודת הזנה מתומחרות בפרק החשמל. | C6: יח' | F6: =IF(ISBLANK(D6),"",IF(NOT(ISNUMBER(D6)),"קלט לא תקין",IF(D6<0,"קלט לא תקין",IF(ISBLANK(E6),"",IF(OR(E6="כלול",E6="לא רלוונטי"),0,IF(NOT(ISNUMBER(E6)),"קלט לא תקין",IF(E6<0,"קלט לא תקין",ROUND(D6*E6,2)))))))) | G6: 9060cdba-cf1d-4049-b349-8c7ed7a6e3b4 | H6: item
H7: spacer
H8: spacer
B9: סיכום חלקי פרק להעברה | F9: =SUM(F4,F5,F6) -> 0 | H9: total

Sheet מיזוג ואוורור
B1: מיזוג ואוורור | G1: 76640c50-5d7c-4ea1-814f-bc4938a757ab | H1: chapter
A2: סעיף | B2: תיאור עבודה | C2: יח׳ | D2: כמות | E2: מחיר יחידה | F2: סה״כ | H2: columns
B3: תוכן מערכת זו יושלם בפרויקט לפי תכנון היועץ ורשימת הציוד המאושרים. שורות התבנית מגדירות גבולות תכולה ואינן מפרט הנדסי מלא. אין להסיק מהפעלת הפרק שהמערכת נדרשת בכל אתר. | G3: 1ceeccfd-8829-4c66-bff2-fb93c8df6477 | H3: note
B4: ביצוע מערכת מיזוג ואוורור בתכולת {מערכת מוגדרת}, לפי תכנון {הפניה}, לרבות {אספקה, התקנה, חיבור והפעלה}. גבולות מול חשמל, ניקוז ותקרות: {פירוט}. | C4: קומפ' | F4: =IF(ISBLANK(D4),"",IF(NOT(ISNUMBER(D4)),"קלט לא תקין",IF(D4<0,"קלט לא תקין",IF(ISBLANK(E4),"",IF(OR(E4="כלול",E4="לא רלוונטי"),0,IF(NOT(ISNUMBER(E4)),"קלט לא תקין",IF(E4<0,"קלט לא תקין",ROUND(D4*E4,2)))))))) | G4: d191a96c-06d8-44b0-bba2-4c011baf8b86 | H4: item
H5: spacer
H6: spacer
B7: סיכום חלקי פרק להעברה | F7: =SUM(F4) -> 0 | H7: total

Sheet ציוד מטבח ונירוסטה
B1: ציוד מטבח ונירוסטה | G1: 04bfed2c-9cb7-4500-91b5-6df2cf98291d | H1: chapter
A2: סעיף | B2: תיאור עבודה | C2: יח׳ | D2: כמות | E2: מחיר יחידה | F2: סה״כ | H2: columns
B3: תוכן מערכת זו יושלם בפרויקט לפי תכנון היועץ ורשימת הציוד המאושרים. שורות התבנית מגדירות גבולות תכולה ואינן מפרט הנדסי מלא. אין להסיק מהפעלת הפרק שהמערכת נדרשת בכל אתר. | G3: 35eaecd7-557d-4331-b651-a7951ccc1a5b | H3: note
B4: אספקה והתקנת פריט ציוד מטבח או נירוסטה {זיהוי}, לפי רשימת ציוד {הפניה}, בתכולת {מפרט}, עם גבולות חיבור למערכות {פירוט}. | C4: יח' | F4: =IF(ISBLANK(D4),"",IF(NOT(ISNUMBER(D4)),"קלט לא תקין",IF(D4<0,"קלט לא תקין",IF(ISBLANK(E4),"",IF(OR(E4="כלול",E4="לא רלוונטי"),0,IF(NOT(ISNUMBER(E4)),"קלט לא תקין",IF(E4<0,"קלט לא תקין",ROUND(D4*E4,2)))))))) | G4: fbef835f-7766-4228-80f6-72c3d9ce1c18 | H4: item
H5: spacer
H6: spacer
B7: סיכום חלקי פרק להעברה | F7: =SUM(F4) -> 0 | H7: total

Sheet הכנות ומערכת גז
B1: הכנות ומערכת גז | G1: 241cac43-dcf3-4661-bea7-de380cc5d1bc | H1: chapter
A2: סעיף | B2: תיאור עבודה | C2: יח׳ | D2: כמות | E2: מחיר יחידה | F2: סה״כ | H2: columns
B3: מערכת הגז נפתחת רק כשנדרשת בתכנון הפרויקט. תשתית, אביזרים, בדיקות וגבולות חיבור ייקבעו במפרט המתכנן והגורם המבצע; אין הנחת סוג צנרת, צובר קיים או מיקום ציוד מהארכיון. | G3: d7bbb2cf-22b9-45a2-a41d-7d6bfbaf498f | H3: note
B4: ביצוע נקודת גז עבור {ציוד מזוהה}, לפי תכנון {הפניה}, לרבות התשתית ואביזרי החיבור בתכולת {מפרט}. גבולות אחריות אספקת המערכת, חיבור הציוד ובדיקות: {פירוט}. | C4: נק' | F4: =IF(ISBLANK(D4),"",IF(NOT(ISNUMBER(D4)),"קלט לא תקין",IF(D4<0,"קלט לא תקין",IF(ISBLANK(E4),"",IF(OR(E4="כלול",E4="לא רלוונטי"),0,IF(NOT(ISNUMBER(E4)),"קלט לא תקין",IF(E4<0,"קלט לא תקין",ROUND(D4*E4,2)))))))) | G4: 3916bdf8-ee35-4d01-adb4-173d68ca2f48 | H4: item
H5: spacer
H6: spacer
B7: סיכום חלקי פרק להעברה | F7: =SUM(F4) -> 0 | H7: total

Sheet כיבוי וגילוי
B1: כיבוי וגילוי | G1: ba276230-dc89-43fa-8669-9b96a6f12f6e | H1: chapter
A2: סעיף | B2: תיאור עבודה | C2: יח׳ | D2: כמות | E2: מחיר יחידה | F2: סה״כ | H2: columns
B3: תוכן מערכת זו יושלם בפרויקט לפי תכנון היועץ ורשימת הציוד המאושרים. שורות התבנית מגדירות גבולות תכולה ואינן מפרט הנדסי מלא. אין להסיק מהפעלת הפרק שהמערכת נדרשת בכל אתר. | G3: b812ed82-a7f0-47e3-99e9-1333634622f7 | H3: note
B4: ביצוע מערכת כיבוי {סוג מערכת מוגדר}, לפי תכנון בטיחות וכיבוי {הפניה}, בגבולות {תכולה ואחריות}, עם הממשקים למערכות האחרות כמפורט. | C4: קומפ' | F4: =IF(ISBLANK(D4),"",IF(NOT(ISNUMBER(D4)),"קלט לא תקין",IF(D4<0,"קלט לא תקין",IF(ISBLANK(E4),"",IF(OR(E4="כלול",E4="לא רלוונטי"),0,IF(NOT(ISNUMBER(E4)),"קלט לא תקין",IF(E4<0,"קלט לא תקין",ROUND(D4*E4,2)))))))) | G4: 90787bc3-3323-4843-9635-41a3ce9ffde2 | H4: item
B5: ביצוע מערכת גילוי או התרעה {סוג מערכת מוגדר}, לפי תכנון {הפניה}, בגבולות {תכולה ואחריות}, עם ההכנות והחיבורים המפורטים. | C5: קומפ' | F5: =IF(ISBLANK(D5),"",IF(NOT(ISNUMBER(D5)),"קלט לא תקין",IF(D5<0,"קלט לא תקין",IF(ISBLANK(E5),"",IF(OR(E5="כלול",E5="לא רלוונטי"),0,IF(NOT(ISNUMBER(E5)),"קלט לא תקין",IF(E5<0,"קלט לא תקין",ROUND(D5*E5,2)))))))) | G5: c92cc74f-76f9-4f93-823b-56ed50cd890c | H5: item
H6: spacer
H7: spacer
B8: סיכום חלקי פרק להעברה | F8: =SUM(F4,F5) -> 0 | H8: total

Sheet אביזרי נגישות
B1: אביזרי נגישות | G1: 2ddfe859-d7de-435c-9fc3-4cb083849e40 | H1: chapter
A2: סעיף | B2: תיאור עבודה | C2: יח׳ | D2: כמות | E2: מחיר יחידה | F2: סה״כ | H2: columns
B3: אביזרי נגישות יוגדרו לפי תכנון הנגישות בפרויקט. אין להעתיק מידות, מיקום או רשימת אביזרים מתיק אחר. האביזרים אינם כלולים שוב במחיר מכל ההדחה או הנגרות. | G3: 8ec9e1b6-dc80-4645-b1ca-9fed5e953472 | H3: note
B4: אספקה והתקנת ערכת אביזרי נגישות לחדר שירות {זיהוי}, הכוללת {רשימה מאושרת של אביזרים}, בחומרים, במידות ובמיקומים לפי תכנון {הפניה}, לרבות העיגון המוגדר. | C4: יח' | F4: =IF(ISBLANK(D4),"",IF(NOT(ISNUMBER(D4)),"קלט לא תקין",IF(D4<0,"קלט לא תקין",IF(ISBLANK(E4),"",IF(OR(E4="כלול",E4="לא רלוונטי"),0,IF(NOT(ISNUMBER(E4)),"קלט לא תקין",IF(E4<0,"קלט לא תקין",ROUND(D4*E4,2)))))))) | G4: d2d0a33c-e4ca-4f37-9d04-2b81e25d162a | H4: item
H5: spacer
H6: spacer
B7: סיכום חלקי פרק להעברה | F7: =SUM(F4) -> 0 | H7: total

Sheet שילוט ומיתוג
B1: שילוט ומיתוג | G1: fc75893c-3391-4f5e-a2da-388a4b5d4b9a | H1: chapter
A2: סעיף | B2: תיאור עבודה | C2: יח׳ | D2: כמות | E2: מחיר יחידה | F2: סה״כ | H2: columns
B3: תוכן מערכת זו יושלם בפרויקט לפי תכנון היועץ ורשימת הציוד המאושרים. שורות התבנית מגדירות גבולות תכולה ואינן מפרט הנדסי מלא. אין להסיק מהפעלת הפרק שהמערכת נדרשת בכל אתר. | G3: 35ca87e8-1695-47a9-ad9e-f7350f8acb78 | H3: note
B4: אספקה והתקנת שילוט או אותיות מטיפוס {זיהוי}, במידות ובחומר {מפרט}, בגמר {גמר}, לרבות {תאורה, ספק, פרזול והתקנה}. תשתית והזנה מתומחרות בנפרד אם צוינו בפרק החשמל. | C4: יח' | F4: =IF(ISBLANK(D4),"",IF(NOT(ISNUMBER(D4)),"קלט לא תקין",IF(D4<0,"קלט לא תקין",IF(ISBLANK(E4),"",IF(OR(E4="כלול",E4="לא רלוונטי"),0,IF(NOT(ISNUMBER(E4)),"קלט לא תקין",IF(E4<0,"קלט לא תקין",ROUND(D4*E4,2)))))))) | G4: 757ede71-b50d-44d2-a1a2-ec458ffc97b8 | H4: item
H5: spacer
H6: spacer
B7: סיכום חלקי פרק להעברה | F7: =SUM(F4) -> 0 | H7: total

Sheet ריהוט וישיבה
B1: ריהוט וישיבה | G1: 91e5973c-db6e-451e-9b8c-31fa7da9e7e8 | H1: chapter
A2: סעיף | B2: תיאור עבודה | C2: יח׳ | D2: כמות | E2: מחיר יחידה | F2: סה״כ | H2: columns
B3: מחיר כל פריט נגרות כולל את החומרים, החיפויים, הפרזול, הגמר, ההובלה וההרכבה שפורטו בסעיף. רכיבי מתכת, משטחי אבן או חומר מיוחד, זיגוג וציוד שמופיעים בפרק נפרד מוחרגים ממחיר הנגרות. מידות, גוונים ודגמים יושלמו לכל פריט. | G3: 39ecfa76-390f-48e3-9461-ca8ad34a2d37 | H3: note
B4: אספקה והתקנת ספת ישיבה קבועה מטיפוס {זיהוי}, במידות ובחתך {מידות}, עם שלד, ריפוד וגמר {מפרט}, לרבות עיגון ותכולה {פירוט}. | C4: מ.א. | F4: =IF(ISBLANK(D4),"",IF(NOT(ISNUMBER(D4)),"קלט לא תקין",IF(D4<0,"קלט לא תקין",IF(ISBLANK(E4),"",IF(OR(E4="כלול",E4="לא רלוונטי"),0,IF(NOT(ISNUMBER(E4)),"קלט לא תקין",IF(E4<0,"קלט לא תקין",ROUND(D4*E4,2)))))))) | G4: 2597dba3-c4e9-48fb-89f1-606c8246710b | H4: item
B5: אספקת פריט ריהוט נייד מטיפוס {זיהוי}, בדגם ובגמר {מפרט}, לרבות {הובלה והרכבה}. | C5: יח' | F5: =IF(ISBLANK(D5),"",IF(NOT(ISNUMBER(D5)),"קלט לא תקין",IF(D5<0,"קלט לא תקין",IF(ISBLANK(E5),"",IF(OR(E5="כלול",E5="לא רלוונטי"),0,IF(NOT(ISNUMBER(E5)),"קלט לא תקין",IF(E5<0,"קלט לא תקין",ROUND(D5*E5,2)))))))) | G5: eee439df-1fc5-426c-993f-7a037bd62043 | H5: item
H6: spacer
H7: spacer
B8: סיכום חלקי פרק להעברה | F8: =SUM(F4,F5) -> 0 | H8: total

Sheet ריכוז עלויות
B1: ריכוז עלויות
A2: פרק | B2: תיאור | E2: סה״כ
A3: 1 | B3: בנייה ומחיצות פנים | E3: ='בנייה ומחיצות פנים'!F11 -> 0.01
A4: 2 | B4: אינסטלציה ותברואה | E4: ='אינסטלציה ותברואה'!F13 -> 0
A5: 3 | B5: חשמל והכנות תקשורת | E5: ='חשמל והכנות תקשורת'!F15 -> 0
A6: 4 | B6: איטום | E6: ='איטום'!F7 -> 0
A7: 5 | B7: דלתות פנים | E7: ='דלתות פנים'!F7 -> 0
A8: 6 | B8: ריצוף וחיפוי | E8: ='ריצוף וחיפוי'!F9 -> 0
A9: 7 | B9: תקרות והנמכות | E9: ='תקרות והנמכות'!F9 -> 0
A10: 8 | B10: צבע וגמרים דקורטיביים | E10: ='צבע וגמרים דקורטיביים'!F9 -> 0
A11: 9 | B11: נגרות ייעודית | E11: ='נגרות ייעודית'!F21 -> 0
B12: סכומים חלקיים — קיימים סעיפים ללא תמחור מלא
B13: סה״כ | E13: =SUM(E3:E11) -> 0.01
B14: =IF(ISNUMBER('שער'!F14),"מע"&CHAR(34)&"מ ("&'שער'!F14&"%)","מע"&CHAR(34)&"מ (לא הוגדר)") -> מע"מ (18%) | E14: =IF(ISBLANK('שער'!F14),"",IF(ISNUMBER('שער'!F14),ROUND(E13*'שער'!F14/100,2),"קלט לא תקין")) -> 0
B15: סה״כ כולל מע״מ | E15: =IF(ISNUMBER(E14),SUM(E13,E14),"") -> 0.01
