Workbook

Sheet שער
B2: פירוט טכני וכתב כמויות
B4: בדיקת פרויקט קיים — לפני עדכון הרשת
B8: 2026-10-28
B11: [לוגו המשרד — להשלמה]
B12: נחלת יצחק 34 ת"א | טל- 0505241244
H13: spacer
F14: 18

Sheet מקרא והנחיות
B1: מקרא ותוכן עניינים
A2: פרק | B2: שם הפרק | F2: עמוד
A3: 1 | B3: אינסטלציה ותברואה | F3: 3
A4: 2 | B4: חשמל והכנות תקשורת | F4: 4
A5: 3 | B5: ריצוף וחיפוי הדלפק | F5: 5
A6: 4 | B6: נגרות ביפרש | F6: 6
A7: 5 | B7: מסגרות ביפרש | F7: 7
A8: 6 | B8: זיגוג וחופת דלפק | F8: 8
A9: 7 | B9: משטחים ודפנות מיוחדים | F9: 9
H10: spacer
H11: spacer
B12: הנחיות והערות כלליות לקבלן
A13: 1. יש להגיש הצעה לפי הסעיפים והתכולות שבמסמך הפרויקט. יש להעביר לבירור אי־התאמה, גבול תכולה לא ברור או פרט חסר לפני ביצוע העבודה הנוגעת להם.
A14: 2. אספקה, התקנה, תשתית וחיבור בידי קבלנים או ספקים שונים יפורטו בנפרד. אין להסיק אחריות רק מהופעת שם ספק או מהסימון קיים.
A15: 3. פרטי ביצוע, מידות, גוונים ודגמים יושלמו לפי מסמכי הפרויקט המאושרים. אין להשתמש בערכים זמניים או במידע מפרויקט קודם כנתוני ביצוע.
A16: 4. לכל רכיב תכולת תמחור אחת. אספקה או עבודה המופיעות בפרק נפרד יוחרגו ממחיר הפריט שבו היו עלולות להיכלל שוב.
A17: 5. תכניות ופרטים החלים על ההצעה: {רשימת מסמכים ומהדורות לפרויקט}. פרטי הקבלן, חתימה וחותמת יושלמו בעותק ההצעה.
H18: spacer

Sheet _BOQ_META
A1: BOQ_WORKBOOK | B1: 4 | C1: project | D1: 90bcad17-0fab-46da-8904-1cd08f77c429 | E1: 71f9965f-7b08-4cff-9cc2-3ae2fb32200a | F1: bfresh | G1: ["8e671efc-2407-4740-8644-4a13a382fd40","0ede860a-e79b-414a-bc2a-bfea51abd4ba","d2843933-389d-4e47-81ff-2cfb5d5e6f9d","37643876-9b3b-41c3-8644-0c62d3ec8134","01111d4e-a85d-4b19-97cd-271f13773f90","696ac903-9732-4432-8a8a-18b0ca639827","030fe729-b17d-4d2b-959f-c0d65c92eff8","10963183-5a23-4aa6-9d8e-2b464ab4ff02","4c39765e-67ca-4894-8686-b6cd175f5f6d","da02db1c-a4da-49ee-8840-b26d8eccae48","3bba4889-39cb-4bbe-b4f0-df7b67005730","04127471-4ab4-4055-a5f4-b9401b9d18b7","e53ef5a5-6dc2-4f99-8984-774dd75a0fca","ea0816a7-1115-4109-b4ce-a022a6cc4489","799537dc-5c82-4c22-b534-9ada025cfdaf","ae422d7f-697b-43df-974c-b52dc82612bd","4e12e137-2f1b-4f49-a132-a2787c66ad6e","7df97331-95da-456a-9ddf-5595e1cdb839","de0e5aca-a68e-43aa-9343-cc1dd019e4ab","fa355e7c-82e1-4ef6-bce6-7be7c4a6a8d4","03a96adf-93e5-4675-98fa-9281d67d41fb"]
A2: layout | B2: {"font":"Assistant","sideMarginMm":6.35,"verticalMarginMm":19.05} | C2: {"title":[{"sheet":"שער","cell":"B4"}],"location":[{"sheet":"שער","cell":"B5"}],"client":[{"sheet":"שער","cell":"B6"}],"date":[{"sheet":"שער","cell":"B8"}],"office":[{"sheet":"שער","cell":"B12"}],"revision":[{"sheet":"שער","cell":"B14"}],"contractor":[{"sheet":"שער","cell":"D14"}],"vat":[{"sheet":"שער","cell":"F14"}],"instructions":[{"sheet":"מקרא והנחיות","cell":"A13"},{"sheet":"מקרא והנחיות","cell":"A14"},{"sheet":"מקרא והנחיות","cell":"A15"},{"sheet":"מקרא והנחיות","cell":"A16"},{"sheet":"מקרא והנחיות","cell":"A17"}]}
A3: chapterId | B3: sheet | C3: active | D3: rowIds
A4: 8e671efc-2407-4740-8644-4a13a382fd40 | B4: פירוק והריסה | C4: 0 | D4: ["c7634a69-0905-4dfe-8a5d-d9bf1f07ecc8","123a12fb-5e3f-46f0-846a-03446de1b110","d15fbb8e-4651-4bdc-b874-c5126fedd45c","25d6b306-e245-4765-996d-1c9cc621e9c7","0889de03-5361-4ba2-8932-94b48ea50af6","2c6e2cb3-5a42-4dc6-b2de-c5073e491a67","d6fcfa9e-f7b2-45c7-8e7f-6e2e420c2a46","5b2ea549-3d46-479e-9d9b-c0c6574ed22e"]
A5: 0ede860a-e79b-414a-bc2a-bfea51abd4ba | B5: מחיצות והכנות לדלפק | C5: 0 | D5: ["3a094142-e358-43d8-8c8a-b1e3cd773ddb","6e8dbbb2-bb70-47b6-bbb7-eea6ec34e0fd","bb0b944b-04af-481b-966b-99cfe872ddf2","7c3b1ff9-93e7-485e-bb2d-7a9d026c9fd2","ba4217c6-a949-4f00-87f0-0c44102840c0","2652fdbe-5212-4d86-9ebc-b833ddbb50f3"]
A6: d2843933-389d-4e47-81ff-2cfb5d5e6f9d | B6: אינסטלציה ותברואה | C6: 1 | D6: ["94cd75d9-c1a5-4db9-9d2f-8da61d1f2c9d","5def7872-7eea-4b3a-aede-2cc530b0f9a6","850af88a-9f1a-4815-84af-2239f31178a0","d5b488e3-b9ac-4678-8ba5-e56ebbdd7195","b3b5ba40-7b52-47dc-878a-543ad4ed7bee","b9110f0d-f7b5-4f81-9803-7578ca94d35e","a85cbdf1-03b1-43d5-b955-e46543e08c08","f655665d-0e51-417b-ad78-e834f8b7b69f"]
A7: 37643876-9b3b-41c3-8644-0c62d3ec8134 | B7: חשמל והכנות תקשורת | C7: 1 | D7: ["b21afd45-1921-4e98-9a20-8b2d7f5237ae","4757a016-d96e-49b0-9b2e-f49f46585837","48fa0bac-116a-47d8-806b-9ca5060bdee2","fbda83c4-2797-4277-89b8-1b19b0f53031","6c2bb26c-0c4e-419c-aa1e-57f2be53118e","c79d1a51-e24c-4417-955f-c8377ef33ce5","cc35be17-571c-4186-a443-0a4e29ae0cea","a44a99f7-54db-455d-8150-e341c1bd0cc1","301991de-51c2-4bf7-b970-876641f4c88d","c29f4b5b-fc0b-4f81-8483-4b9b099e1282","cac6ed55-65d6-427a-bf18-c3052c603848"]
A8: 01111d4e-a85d-4b19-97cd-271f13773f90 | B8: הכנות רצפה והגבהות | C8: 0 | D8: ["c4b07803-bd42-47b8-a6b1-897386bd7bf1","35082e91-36a7-40f9-a3f3-98db771f1042"]
A9: 696ac903-9732-4432-8a8a-18b0ca639827 | B9: איטום | C9: 0 | D9: ["960ca8df-f870-4587-a82c-6edf7ce1005b","b22c8125-cb3b-40ba-965d-8a24256eb27b"]
A10: 030fe729-b17d-4d2b-959f-c0d65c92eff8 | B10: דלתות בחנות או בחדר שירות | C10: 0 | D10: ["60bed0d8-113d-4b92-9d31-c0df4fc7f0d6","ef170f49-8fab-45ee-869e-36aecbd3b244"]
A11: 10963183-5a23-4aa6-9d8e-2b464ab4ff02 | B11: ריצוף וחיפוי הדלפק | C11: 1 | D11: ["2f9123f2-35ff-4221-9ea6-74e5e9edd6ce","1af32f77-8c53-48cc-8f37-6d997cb82fda","eb44ff87-c5d6-40b4-9d9b-9b9474f36a12","7f941ef6-a341-49ed-a49f-976dde45815d","5cd662b6-7a59-4d2c-9517-39c0f921906b"]
A12: 4c39765e-67ca-4894-8686-b6cd175f5f6d | B12: תקרה וקרניזים לדוכן | C12: 0 | D12: ["8c0f6f08-8f52-4357-9000-c097925cdfce","443a1b2c-f0cb-425a-91fe-5d26ddde3ac6","d6186ead-0986-4661-8d9b-e056c05e5e04"]
A13: da02db1c-a4da-49ee-8840-b26d8eccae48 | B13: צבע וגמר | C13: 0 | D13: ["e588d65c-8302-4487-8b17-67c25d1e9499","71ed30bf-27b6-41e6-8c4e-bd5e3f6265b9","ca963033-95c2-4c38-939b-3266285ee6f7"]
A14: 3bba4889-39cb-4bbe-b4f0-df7b67005730 | B14: נגרות ביפרש | C14: 1 | D14: ["6fc05c6f-6487-445d-8a44-8a7ca32ec5bc","55cf338b-1ab0-4fa4-8211-815bffb5e73f","6e62371b-6c5f-427b-9c69-7d65055e2d00","22f4b0e0-b517-40d7-8a9c-ce209179c115","c474cc8c-7122-4503-a1ed-81e8ea1a43c9","beffcd1e-0f4b-4d82-bfc6-c81e4ff5b46a","a2e8e923-754f-4b77-86ff-e116db42ea8b"]
A15: 04127471-4ab4-4055-a5f4-b9401b9d18b7 | B15: מסגרות ביפרש | C15: 1 | D15: ["7c789c31-c3c1-479d-85d0-c4097016cbcb","7638565a-aa49-4d61-986f-2052c821ea05","2ff4f310-7e0b-4a1b-8459-4d5e175e28a2","d5f9ace7-956c-4fd2-b530-1b1f41d899bc","f539aefa-f675-4190-810f-f730a3bd9ae7"]
... A24: 03a96adf-93e5-4675-98fa-9281d67d41fb | B24: ריהוט נייד | C24: 0 | D24: ["31520d52-cb40-4625-b873-5f69a4afa491","32566ce5-5b0b-4b5f-ab9e-e404aa145c04"]

Sheet פירוק והריסה
B1: פירוק והריסה | G1: 8e671efc-2407-4740-8644-4a13a382fd40 | H1: chapter
A2: סעיף | B2: תיאור עבודה | C2: יח׳ | D2: כמות | E2: מחיר יחידה | F2: סה״כ | H2: columns
B3: מחירי עבודות הפירוק כוללים הגנה על הרכוש הנותר ופינוי הפסולת הנוצרת מהפירוק. פריטים המיועדים לשימוש חוזר יזוהו בפרויקט ויפורקו לשמירה. אין לחייב שוב אותו פינוי בסעיף אחר. | G3: c7634a69-0905-4dfe-8a5d-d9bf1f07ecc8 | H3: note
B4: פירוק מעטפת דלפק {זיהוי}, לרבות חיפויים, משטחים ודפנות המיועדים להחלפה. שלד, ציוד ותשתיות שנותרים לשימוש: {פירוט}. | C4: קומפ' | D4: 2 | E4: 10 | F4: =IF(ISBLANK(D4),"",IF(NOT(ISNUMBER(D4)),"קלט לא תקין",IF(D4<0,"קלט לא תקין",IF(ISBLANK(E4),"",IF(OR(E4="כלול",E4="לא רלוונטי"),0,IF(NOT(ISNUMBER(E4)),"קלט לא תקין",IF(E4<0,"קלט לא תקין",ROUND(D4*E4,2)))))))) -> 20 | G4: 123a12fb-5e3f-46f0-846a-03446de1b110 | H4: item
B5: פירוק ופינוי ריהוט קבוע, ארונות וציוד המיועדים לפינוי באזור {אזור}; פריטים לשימוש חוזר וגבולות פירוק יפורטו לפני תחילת העבודה. | C5: קומפ' | F5: =IF(ISBLANK(D5),"",IF(NOT(ISNUMBER(D5)),"קלט לא תקין",IF(D5<0,"קלט לא תקין",IF(ISBLANK(E5),"",IF(OR(E5="כלול",E5="לא רלוונטי"),0,IF(NOT(ISNUMBER(E5)),"קלט לא תקין",IF(E5<0,"קלט לא תקין",ROUND(D5*E5,2)))))))) | G5: d15fbb8e-4651-4bdc-b874-c5126fedd45c | H5: item
B6: פירוק תקרה או הנמכה מסוג {סוג} באזור {אזור}, לרבות התשתית המיועדת לפירוק. הטיפול בחלקים: {פינוי או שמירה להרכבה מחדש}. | C6: מ"ר | F6: =IF(ISBLANK(D6),"",IF(NOT(ISNUMBER(D6)),"קלט לא תקין",IF(D6<0,"קלט לא תקין",IF(ISBLANK(E6),"",IF(OR(E6="כלול",E6="לא רלוונטי"),0,IF(NOT(ISNUMBER(E6)),"קלט לא תקין",IF(E6<0,"קלט לא תקין",ROUND(D6*E6,2)))))))) | G6: 25d6b306-e245-4765-996d-1c9cc621e9c7 | H6: item
B7: פירוק ריצוף ושכבות תשתית באזור {אזור}, עד {גבול ועומק פירוק}, כהכנה לעבודות החדשות המפורטות בפרויקט. | C7: מ"ר | F7: =IF(ISBLANK(D7),"",IF(NOT(ISNUMBER(D7)),"קלט לא תקין",IF(D7<0,"קלט לא תקין",IF(ISBLANK(E7),"",IF(OR(E7="כלול",E7="לא רלוונטי"),0,IF(NOT(ISNUMBER(E7)),"קלט לא תקין",IF(E7<0,"קלט לא תקין",ROUND(D7*E7,2)))))))) | G7: 0889de03-5361-4ba2-8932-94b48ea50af6 | H7: item
B8: פירוק מערכת חשמל ואביזריה באזור {אזור}, בגבולות הנקובים בתכנון. מעגלים ואביזרים שנשארים פעילים או מיועדים להרכבה מחדש: {פירוט}. | C8: קומפ' | F8: =IF(ISBLANK(D8),"",IF(NOT(ISNUMBER(D8)),"קלט לא תקין",IF(D8<0,"קלט לא תקין",IF(ISBLANK(E8),"",IF(OR(E8="כלול",E8="לא רלוונטי"),0,IF(NOT(ISNUMBER(E8)),"קלט לא תקין",IF(E8<0,"קלט לא תקין",ROUND(D8*E8,2)))))))) | G8: 2c6e2cb3-5a42-4dc6-b2de-c5073e491a67 | H8: item
B9: פירוק צנרת ואביזרי אינסטלציה המיועדים להחלפה באזור {אזור}, בגבולות {תחילה וסיום}; הגנת וחסימת קצוות החיבור לפי התכנון. | C9: קומפ' | F9: =IF(ISBLANK(D9),"",IF(NOT(ISNUMBER(D9)),"קלט לא תקין",IF(D9<0,"קלט לא תקין",IF(ISBLANK(E9),"",IF(OR(E9="כלול",E9="לא רלוונטי"),0,IF(NOT(ISNUMBER(E9)),"קלט לא תקין",IF(E9<0,"קלט לא תקין",ROUND(D9*E9,2)))))))) | G9: d6fcfa9e-f7b2-45c7-8e7f-6e2e420c2a46 | H9: item
B10: פירוק שילוט קיים מטיפוס {זיהוי}, כולל רכיבי התקנה והזנה המיועדים לפירוק, ושמירה על רכיבים שסומנו להמשך שימוש. | C10: קומפ' | F10: =IF(ISBLANK(D10),"",IF(NOT(ISNUMBER(D10)),"קלט לא תקין",IF(D10<0,"קלט לא תקין",IF(ISBLANK(E10),"",IF(OR(E10="כלול",E10="לא רלוונטי"),0,IF(NOT(ISNUMBER(E10)),"קלט לא תקין",IF(E10<0,"קלט לא תקין",ROUND(D10*E10,2)))))))) | G10: 5b2ea549-3d46-479e-9d9b-c0c6574ed22e | H10: item
H11: spacer
B12: סיכום חלקי פרק להעברה | F12: =SUM(F4,F5,F6,F7,F8,F9,F10) -> 20 | H12: total

Sheet מחיצות והכנות לדלפק
B1: מחיצות והכנות לדלפק | G1: 0ede860a-e79b-414a-bc2a-bfea51abd4ba | H1: chapter
A2: סעיף | B2: תיאור עבודה | C2: יח׳ | D2: כמות | E2: מחיר יחידה | F2: סה״כ | H2: columns
B3: מחירי המחיצות כוללים את רכיבי המערכת, התשתית, החיבורים והגמר המוגדרים בסעיף. סוגי לוחות, שכבות, בידוד ועיגון יושלמו לפי הפרויקט. גמר צבע וחיפוי מתומחרים בפרקים המיועדים להם, אלא אם הוגדר אחרת במפורש. | G3: 3a094142-e358-43d8-8c8a-b1e3cd773ddb | H3: note
B4: הקמת מחיצה נמוכה כתשתית לדלפק או להפרדה באזור {אזור}, בגובה ובחתך {מידות}, במערכת {סוג}, לרבות {תכולה ועיגון}. | C4: מ.א. | F4: =IF(ISBLANK(D4),"",IF(NOT(ISNUMBER(D4)),"קלט לא תקין",IF(D4<0,"קלט לא תקין",IF(ISBLANK(E4),"",IF(OR(E4="כלול",E4="לא רלוונטי"),0,IF(NOT(ISNUMBER(E4)),"קלט לא תקין",IF(E4<0,"קלט לא תקין",ROUND(D4*E4,2)))))))) | G4: 6e8dbbb2-bb70-47b6-bbb7-eea6ec34e0fd | H4: item
B5: ביצוע עיבוי או חיפוי קיר קיים במערכת {סוג}, בגובה {גובה}, באזור {אזור}, לצורך {ייעוד}, לרבות תשתית וחיבורים כמפורט. | C5: מ"ר | F5: =IF(ISBLANK(D5),"",IF(NOT(ISNUMBER(D5)),"קלט לא תקין",IF(D5<0,"קלט לא תקין",IF(ISBLANK(E5),"",IF(OR(E5="כלול",E5="לא רלוונטי"),0,IF(NOT(ISNUMBER(E5)),"קלט לא תקין",IF(E5<0,"קלט לא תקין",ROUND(D5*E5,2)))))))) | G5: bb0b944b-04af-481b-966b-99cfe872ddf2 | H5: item
B6: אספקה והתקנת מגן פינה מנירוסטה מטיפוס {טיפוס}, במידות {מידות}, עובי וגמר {מפרט}, על תשתית {סוג} ובאופן חיבור {פרט}. | C6: יח' | F6: =IF(ISBLANK(D6),"",IF(NOT(ISNUMBER(D6)),"קלט לא תקין",IF(D6<0,"קלט לא תקין",IF(ISBLANK(E6),"",IF(OR(E6="כלול",E6="לא רלוונטי"),0,IF(NOT(ISNUMBER(E6)),"קלט לא תקין",IF(E6<0,"קלט לא תקין",ROUND(D6*E6,2)))))))) | G6: 7c3b1ff9-93e7-485e-bb2d-7a9d026c9fd2 | H6: item
B7: אספקה והתקנת מגן קצה מנירוסטה מטיפוס {טיפוס}, במידות {מידות}, עובי וגמר {מפרט}, על תשתית {סוג} ובאופן חיבור {פרט}. | C7: יח' | F7: =IF(ISBLANK(D7),"",IF(NOT(ISNUMBER(D7)),"קלט לא תקין",IF(D7<0,"קלט לא תקין",IF(ISBLANK(E7),"",IF(OR(E7="כלול",E7="לא רלוונטי"),0,IF(NOT(ISNUMBER(E7)),"קלט לא תקין",IF(E7<0,"קלט לא תקין",ROUND(D7*E7,2)))))))) | G7: ba4217c6-a949-4f00-87f0-0c44102840c0 | H7: item
B8: אספקה והתקנת משקוף נירוסטה לפתח {זיהוי וייעוד}, במידות {מידות}, עובי וגמר {מפרט}, לרבות החיבורים והעיגון שנקבעו לפריט. | C8: יח' | F8: =IF(ISBLANK(D8),"",IF(NOT(ISNUMBER(D8)),"קלט לא תקין",IF(D8<0,"קלט לא תקין",IF(ISBLANK(E8),"",IF(OR(E8="כלול",E8="לא רלוונטי"),0,IF(NOT(ISNUMBER(E8)),"קלט לא תקין",IF(E8<0,"קלט לא תקין",ROUND(D8*E8,2)))))))) | G8: 2652fdbe-5212-4d86-9ebc-b833ddbb50f3 | H8: item
H9: spacer
B10: סיכום חלקי פרק להעברה | F10: =SUM(F4,F5,F6,F7,F8) -> 0 | H10: total

Sheet אינסטלציה ותברואה
A1: 1 | B1: אינסטלציה ותברואה | G1: d2843933-389d-4e47-81ff-2cfb5d5e6f9d | H1: chapter
A2: סעיף | B2: תיאור עבודה | C2: יח׳ | D2: כמות | E2: מחיר יחידה | F2: סה״כ | H2: columns
B3: מערכת המים והדלוחין תבוצע לפי תכנון הפרויקט. המחירים כוללים צנרת ואביזרי תשתית, חיבורים, הכנות ובדיקות כפי שנקבעו במפרט. אספקת כלים סניטריים וציוד אינה כלולה בסעיפי התקנה בלבד. קיום מערכת באתר אינו מעיד שאינה דורשת התאמה. | G3: 94cd75d9-c1a5-4db9-9d2f-8da61d1f2c9d | H3: note
A4: 1.01 | B4: ביצוע או התאמת מערכת מים ודלוחין באזור {אזור}, בין נקודות החיבור {תחילה וסיום}, לרבות {צנרת, אביזרים ומתקנים}, לפי תכנון {הפניה}. חיבור למערכת קיימת יוגדר לפי מצב האתר שנבדק. | C4: קומפ' | F4: =IF(ISBLANK(D4),"",IF(NOT(ISNUMBER(D4)),"קלט לא תקין",IF(D4<0,"קלט לא תקין",IF(ISBLANK(E4),"",IF(OR(E4="כלול",E4="לא רלוונטי"),0,IF(NOT(ISNUMBER(E4)),"קלט לא תקין",IF(E4<0,"קלט לא תקין",ROUND(D4*E4,2)))))))) | G4: 5def7872-7eea-4b3a-aede-2cc530b0f9a6 | H4: item
A5: 1.02 | B5: ביצוע נקודת מים חמים וקרים ודלוחין עבור {כיור או ציוד}, לפי תכנון הפרויקט, לרבות הצנרת ואביזרי החיבור בגבולות {תכולה}. התקנת האביזר ואספקתו: {כלולות או מוחרגות}. | C5: נק' | F5: =IF(ISBLANK(D5),"",IF(NOT(ISNUMBER(D5)),"קלט לא תקין",IF(D5<0,"קלט לא תקין",IF(ISBLANK(E5),"",IF(OR(E5="כלול",E5="לא רלוונטי"),0,IF(NOT(ISNUMBER(E5)),"קלט לא תקין",IF(E5<0,"קלט לא תקין",ROUND(D5*E5,2)))))))) | G5: 850af88a-9f1a-4815-84af-2239f31178a0 | H5: item
A6: 1.03 | B6: ביצוע נקודת מים קרים ודלוחין עבור {כיור או ציוד}, לפי תכנון הפרויקט, לרבות הצנרת ואביזרי החיבור בגבולות {תכולה}. | C6: נק' | F6: =IF(ISBLANK(D6),"",IF(NOT(ISNUMBER(D6)),"קלט לא תקין",IF(D6<0,"קלט לא תקין",IF(ISBLANK(E6),"",IF(OR(E6="כלול",E6="לא רלוונטי"),0,IF(NOT(ISNUMBER(E6)),"קלט לא תקין",IF(E6<0,"קלט לא תקין",ROUND(D6*E6,2)))))))) | G6: d5b488e3-b9ac-4678-8ba5-e56ebbdd7195 | H6: item
A7: 1.04 | B7: ביצוע נקודת דלוחין עצמאית עבור {ציוד או ייעוד}, לרבות חיבור וסיום לפי תכנון הפרויקט. אין לכלול שוב ניקוז שכבר נכלל בנקודת מים משולבת. | C7: נק' | F7: =IF(ISBLANK(D7),"",IF(NOT(ISNUMBER(D7)),"קלט לא תקין",IF(D7<0,"קלט לא תקין",IF(ISBLANK(E7),"",IF(OR(E7="כלול",E7="לא רלוונטי"),0,IF(NOT(ISNUMBER(E7)),"קלט לא תקין",IF(E7<0,"קלט לא תקין",ROUND(D7*E7,2)))))))) | G7: b3b5ba40-7b52-47dc-878a-543ad4ed7bee | H7: item
A8: 1.05 | B8: ביצוע נקודת ניקוז למיזוג אוויר מטיפוס {טיפוס}, לפי תכנון המיזוג והתברואה; קצה וגבול החיבור לקבלן המיזוג: {פירוט}. | C8: נק' | F8: =IF(ISBLANK(D8),"",IF(NOT(ISNUMBER(D8)),"קלט לא תקין",IF(D8<0,"קלט לא תקין",IF(ISBLANK(E8),"",IF(OR(E8="כלול",E8="לא רלוונטי"),0,IF(NOT(ISNUMBER(E8)),"קלט לא תקין",IF(E8<0,"קלט לא תקין",ROUND(D8*E8,2)))))))) | G8: b9110f0d-f7b5-4f81-9803-7578ca94d35e | H8: item
A9: 1.06 | B9: התקנת תעלת ניקוז מטיפוס {טיפוס}, במידות {מידות}, על התשתית המוגדרת, וחיבורה למערכת הניקוז. אספקת התעלה, עיגון ואיטום המפגש: {חלוקת אחריות}. | C9: יח' | F9: =IF(ISBLANK(D9),"",IF(NOT(ISNUMBER(D9)),"קלט לא תקין",IF(D9<0,"קלט לא תקין",IF(ISBLANK(E9),"",IF(OR(E9="כלול",E9="לא רלוונטי"),0,IF(NOT(ISNUMBER(E9)),"קלט לא תקין",IF(E9<0,"קלט לא תקין",ROUND(D9*E9,2)))))))) | G9: a85cbdf1-03b1-43d5-b955-e46543e08c08 | H9: item
A10: 1.07 | B10: אספקה והתקנת מתקן חימום מים מסוג {סוג}, בקיבול או הספק {נתון}, עם אביזרים וחיבורים כמפורט בתכנון. גבולות עבודות החשמל ועיגון המתקן: {פירוט}. | C10: יח' | F10: =IF(ISBLANK(D10),"",IF(NOT(ISNUMBER(D10)),"קלט לא תקין",IF(D10<0,"קלט לא תקין",IF(ISBLANK(E10),"",IF(OR(E10="כלול",E10="לא רלוונטי"),0,IF(NOT(ISNUMBER(E10)),"קלט לא תקין",IF(E10<0,"קלט לא תקין",ROUND(D10*E10,2)))))))) | G10: f655665d-0e51-417b-ad78-e834f8b7b69f | H10: item
H11: spacer
B12: סיכום חלקי פרק 1 להעברה | F12: =SUM(F4,F5,F6,F7,F8,F9,F10) -> 0 | H12: total

Sheet חשמל והכנות תקשורת
A1: 2 | B1: חשמל והכנות תקשורת | G1: 37643876-9b3b-41c3-8644-0c62d3ec8134 | H1: chapter
A2: סעיף | B2: תיאור עבודה | C2: יח׳ | D2: כמות | E2: מחיר יחידה | F2: סה״כ | H2: columns
B3: עבודות החשמל כוללות תשתית, מוליכים, חיבורים ואביזרים רק בתכולה המוגדרת לכל סעיף ולפי תכנון החשמל. הכנת נקודה, התקנת גוף ואספקת גוף הן תכולות שונות. חתכי מוליכים, קטרים, הגנות, הספקים ואופן הבדיקה ייקבעו בתכנון ולא יועתקו מפרויקט קודם. | G3: b21afd45-1921-4e98-9a20-8b2d7f5237ae | H3: note
A4: 2.01 | B4: ביצוע נקודת הפעלה וחיבור למעגל תאורה מטיפוס {טיפוס}, באזור {אזור}, לפי תכנון החשמל, כולל {תשתית, חיבור ואביזרי הפעלה}. אספקת והתקנת גופי התאורה אינן נכללות בסעיף זה. | C4: נק' | F4: =IF(ISBLANK(D4),"",IF(NOT(ISNUMBER(D4)),"קלט לא תקין",IF(D4<0,"קלט לא תקין",IF(ISBLANK(E4),"",IF(OR(E4="כלול",E4="לא רלוונטי"),0,IF(NOT(ISNUMBER(E4)),"קלט לא תקין",IF(E4<0,"קלט לא תקין",ROUND(D4*E4,2)))))))) | G4: 4757a016-d96e-49b0-9b2e-f49f46585837 | H4: item
A5: 2.02 | B5: ביצוע יציאה נוספת לגוף תאורה המשויך למעגל {זיהוי}, לפי תכנון החשמל; תכולת החיבור: {פירוט}. | C5: יח' | F5: =IF(ISBLANK(D5),"",IF(NOT(ISNUMBER(D5)),"קלט לא תקין",IF(D5<0,"קלט לא תקין",IF(ISBLANK(E5),"",IF(OR(E5="כלול",E5="לא רלוונטי"),0,IF(NOT(ISNUMBER(E5)),"קלט לא תקין",IF(E5<0,"קלט לא תקין",ROUND(D5*E5,2)))))))) | G5: 48fa0bac-116a-47d8-806b-9ca5060bdee2 | H5: item
A6: 2.03 | B6: התקנת וחיבור גוף תאורה מטיפוס {טיפוס} על תשתית {קיימת או חדשה}, לרבות אביזרי ההתקנה המוגדרים. אספקת הגוף: {אחריות}. | C6: יח' | F6: =IF(ISBLANK(D6),"",IF(NOT(ISNUMBER(D6)),"קלט לא תקין",IF(D6<0,"קלט לא תקין",IF(ISBLANK(E6),"",IF(OR(E6="כלול",E6="לא רלוונטי"),0,IF(NOT(ISNUMBER(E6)),"קלט לא תקין",IF(E6<0,"קלט לא תקין",ROUND(D6*E6,2)))))))) | G6: fbda83c4-2797-4277-89b8-1b19b0f53031 | H6: item
A7: 2.04 | B7: ביצוע נקודת כוח חד־פאזית עבור {ייעוד}, באזור {אזור}, עם האביזר והתשתית לפי תכנון החשמל ובגבולות {תכולה}. | C7: נק' | F7: =IF(ISBLANK(D7),"",IF(NOT(ISNUMBER(D7)),"קלט לא תקין",IF(D7<0,"קלט לא תקין",IF(ISBLANK(E7),"",IF(OR(E7="כלול",E7="לא רלוונטי"),0,IF(NOT(ISNUMBER(E7)),"קלט לא תקין",IF(E7<0,"קלט לא תקין",ROUND(D7*E7,2)))))))) | G7: 6c2bb26c-0c4e-419c-aa1e-57f2be53118e | H7: item
A8: 2.05 | B8: ביצוע נקודת כוח תלת־פאזית עבור {ציוד}, לפי מפרט ההזנה של מתכנן החשמל ויצרן הציוד. אביזר החיבור וגבול העבודה: {פירוט}. | C8: נק' | F8: =IF(ISBLANK(D8),"",IF(NOT(ISNUMBER(D8)),"קלט לא תקין",IF(D8<0,"קלט לא תקין",IF(ISBLANK(E8),"",IF(OR(E8="כלול",E8="לא רלוונטי"),0,IF(NOT(ISNUMBER(E8)),"קלט לא תקין",IF(E8<0,"קלט לא תקין",ROUND(D8*E8,2)))))))) | G8: c79d1a51-e24c-4417-955f-c8377ef33ce5 | H8: item
A9: 2.06 | B9: ביצוע נקודת הזנה למיזוג אוויר עבור {יחידה}, בהתאם לתכנון החשמל והמיזוג, לרבות אביזר סיום וגבול חיבור {פירוט}. | C9: נק' | F9: =IF(ISBLANK(D9),"",IF(NOT(ISNUMBER(D9)),"קלט לא תקין",IF(D9<0,"קלט לא תקין",IF(ISBLANK(E9),"",IF(OR(E9="כלול",E9="לא רלוונטי"),0,IF(NOT(ISNUMBER(E9)),"קלט לא תקין",IF(E9<0,"קלט לא תקין",ROUND(D9*E9,2)))))))) | G9: cc35be17-571c-4186-a443-0a4e29ae0cea | H9: item
A10: 2.07 | B10: ביצוע נקודת הזנה למפוח עבור {יחידה וייעוד}, בהתאם לתכנון החשמל והאוורור, לרבות אביזר סיום וגבול חיבור {פירוט}. | C10: נק' | F10: =IF(ISBLANK(D10),"",IF(NOT(ISNUMBER(D10)),"קלט לא תקין",IF(D10<0,"קלט לא תקין",IF(ISBLANK(E10),"",IF(OR(E10="כלול",E10="לא רלוונטי"),0,IF(NOT(ISNUMBER(E10)),"קלט לא תקין",IF(E10<0,"קלט לא תקין",ROUND(D10*E10,2)))))))) | G10: a44a99f7-54db-455d-8150-e341c1bd0cc1 | H10: item
A11: 2.08 | B11: ביצוע תשתית תקשורת מטיפוס {סוג}, בין נקודות {קצוות}, לרבות צנרת, חוט משיכה ואביזרי סיום שנקבעו. כבילה פעילה וציוד קצה: {תכולה ואחריות}. | C11: נק' | F11: =IF(ISBLANK(D11),"",IF(NOT(ISNUMBER(D11)),"קלט לא תקין",IF(D11<0,"קלט לא תקין",IF(ISBLANK(E11),"",IF(OR(E11="כלול",E11="לא רלוונטי"),0,IF(NOT(ISNUMBER(E11)),"קלט לא תקין",IF(E11<0,"קלט לא תקין",ROUND(D11*E11,2)))))))) | G11: 301991de-51c2-4bf7-b970-876641f4c88d | H11: item
A12: 2.09 | B12: אספקה והתקנת לוח חשמל {זיהוי}, כולל מכלול הרכיבים, הסימון, החיווט והחיבור שנקבעו בתכנון החשמל. גודל החיבור והמפרט יושלמו בפרויקט. | C12: קומפ' | F12: =IF(ISBLANK(D12),"",IF(NOT(ISNUMBER(D12)),"קלט לא תקין",IF(D12<0,"קלט לא תקין",IF(ISBLANK(E12),"",IF(OR(E12="כלול",E12="לא רלוונטי"),0,IF(NOT(ISNUMBER(E12)),"קלט לא תקין",IF(E12<0,"קלט לא תקין",ROUND(D12*E12,2)))))))) | G12: c29f4b5b-fc0b-4f81-8483-4b9b099e1282 | H12: item
A13: 2.10 | B13: ביצוע הזנת חשמל והפעלה לשלט {זיהוי}, לרבות מעבר כבל בתשתית המוגדרת וחיבור בנקודת הסיום {מיקום}. השלט וספקו יתומחרו בנפרד אלא אם צוינה תכולה אחרת. | C13: נק' | F13: =IF(ISBLANK(D13),"",IF(NOT(ISNUMBER(D13)),"קלט לא תקין",IF(D13<0,"קלט לא תקין",IF(ISBLANK(E13),"",IF(OR(E13="כלול",E13="לא רלוונטי"),0,IF(NOT(ISNUMBER(E13)),"קלט לא תקין",IF(E13<0,"קלט לא תקין",ROUND(D13*E13,2)))))))) | G13: cac6ed55-65d6-427a-bf18-c3052c603848 | H13: item
H14: spacer
B15: סיכום חלקי פרק 2 להעברה | F15: =SUM(F4,F5,F6,F7,F8,F9,F10,F11,F12,F13) -> 0 | H15: total

Sheet הכנות רצפה והגבהות
B1: הכנות רצפה והגבהות | G1: 01111d4e-a85d-4b19-97cd-271f13773f90 | H1: chapter
A2: סעיף | B2: תיאור עבודה | C2: יח׳ | D2: כמות | E2: מחיר יחידה | F2: סה״כ | H2: columns
B3: הכנת רצפה והגבהה יפורטו רק כשנדרשות בפרויקט. יש להגדיר גבול בין הכנת המשטח, איטום וריצוף, בלי לחייב אותה שכבה פעמיים. חומר, עומס ומפלסים ייקבעו בתכנון המאושר. | G3: c4b07803-bd42-47b8-a6b1-897386bd7bf1 | H3: note
B4: ביצוע שכבת הכנה, מילוי או הגבהה באזור {אזור}, מחומר {מערכת}, בעובי ובמפלס {נתונים}, לרבות {תשתית, גמר והשלמות נכללים}, לפי פרט מאושר. | C4: מ"ר | F4: =IF(ISBLANK(D4),"",IF(NOT(ISNUMBER(D4)),"קלט לא תקין",IF(D4<0,"קלט לא תקין",IF(ISBLANK(E4),"",IF(OR(E4="כלול",E4="לא רלוונטי"),0,IF(NOT(ISNUMBER(E4)),"קלט לא תקין",IF(E4<0,"קלט לא תקין",ROUND(D4*E4,2)))))))) | G4: 35082e91-36a7-40f9-a3f3-98db771f1042 | H4: item
H5: spacer
H6: spacer
B7: סיכום חלקי פרק להעברה | F7: =SUM(F4) -> 0 | H7: total

Sheet איטום
B1: איטום | G1: 696ac903-9732-4432-8a8a-18b0ca639827 | H1: chapter
A2: סעיף | B2: תיאור עבודה | C2: יח׳ | D2: כמות | E2: מחיר יחידה | F2: סה״כ | H2: columns
B3: מערכת האיטום תיקבע לפי התשתית, השימוש, החדירות והמפגשים בפרויקט. כל סעיף יפרט את הכנת התשתית, סיומות, טיפול בנקזים ובפתחים ובדיקות נדרשות. אין ברירת מחדל לשיטת איטום, עובי, גובה רולקה או מותג. | G3: 960ca8df-f870-4587-a82c-6edf7ce1005b | H3: note
B4: ביצוע איטום באזור רטוב {זיהוי ואזור}, במערכת {מפרט מאושר}, לרבות הכנת תשתית, מפגשי קיר ורצפה, חדירות וסיומות לפי הפרט. בדיקות ותכולת ההכנה: {פירוט}. | C4: מ"ר | F4: =IF(ISBLANK(D4),"",IF(NOT(ISNUMBER(D4)),"קלט לא תקין",IF(D4<0,"קלט לא תקין",IF(ISBLANK(E4),"",IF(OR(E4="כלול",E4="לא רלוונטי"),0,IF(NOT(ISNUMBER(E4)),"קלט לא תקין",IF(E4<0,"קלט לא תקין",ROUND(D4*E4,2)))))))) | G4: b22c8125-cb3b-40ba-965d-8a24256eb27b | H4: item
H5: spacer
H6: spacer
B7: סיכום חלקי פרק להעברה | F7: =SUM(F4) -> 0 | H7: total

Sheet דלתות בחנות או בחדר שירות
B1: דלתות בחנות או בחדר שירות | G1: 030fe729-b17d-4d2b-959f-c0d65c92eff8 | H1: chapter
A2: סעיף | B2: תיאור עבודה | C2: יח׳ | D2: כמות | E2: מחיר יחידה | F2: סה״כ | H2: columns
B3: מחיר כל טיפוס דלת כולל כנף, משקוף, הלבשות, פרזול, גמר, הובלה והרכבה לפי תיאור הסעיף. סוגי מילוי, צירים, פתיחה והתאמת נגישות או בטיחות יוגדרו בפרויקט; אין הוראה כללית של פרזול הסותרת טיפוס דלת. | G3: 60bed0d8-113d-4b92-9d31-c0df4fc7f0d6 | H3: note
B4: אספקה והתקנת דלת פנים מטיפוס {זיהוי}. מידות ופתיחה: {מידות וכיוון}; כנף ומילוי: {מפרט}; משקוף והלבשות: {מפרט}; פרזול: {מפרט}; גמר וגוון: {מפרט}; תכנית ופרט: {הפניה}. | C4: יח' | F4: =IF(ISBLANK(D4),"",IF(NOT(ISNUMBER(D4)),"קלט לא תקין",IF(D4<0,"קלט לא תקין",IF(ISBLANK(E4),"",IF(OR(E4="כלול",E4="לא רלוונטי"),0,IF(NOT(ISNUMBER(E4)),"קלט לא תקין",IF(E4<0,"קלט לא תקין",ROUND(D4*E4,2)))))))) | G4: ef170f49-8fab-45ee-869e-36aecbd3b244 | H4: item
H5: spacer
H6: spacer
B7: סיכום חלקי פרק להעברה | F7: =SUM(F4) -> 0 | H7: total

Sheet ריצוף וחיפוי הדלפק
A1: 3 | B1: ריצוף וחיפוי הדלפק | G1: 10963183-5a23-4aa6-9d8e-2b464ab4ff02 | H1: chapter
A2: סעיף | B2: תיאור עבודה | C2: יח׳ | D2: כמות | E2: מחיר יחידה | F2: סה״כ | H2: columns
B3: מחירי עבודות הריצוף והחיפוי כוללים הכנת תשתית בתכולה שנקבעה, חומרי עזר, חיתוכים, התאמות, פינות ורובה בהתאם למפרט. אספקת האריחים תתומחר בפרק האספקות כשאינו כבוי; פנלים המופיעים בסעיף נפרד אינם כלולים שוב במחיר השטח. | G3: 2f9123f2-35ff-4221-9ea6-74e5e9edd6ce | H3: note
A4: 3.01 | B4: ריצוף אזור הכנת מזון או שטח רטוב {אזור}, באריחים {סוג, מידה וגמר מאושרים לשימוש}, לרבות טיפול במפגשים ובנקזים לפי הפרט, מישקים ורובה {מפרט}. | C4: מ"ר | F4: =IF(ISBLANK(D4),"",IF(NOT(ISNUMBER(D4)),"קלט לא תקין",IF(D4<0,"קלט לא תקין",IF(ISBLANK(E4),"",IF(OR(E4="כלול",E4="לא רלוונטי"),0,IF(NOT(ISNUMBER(E4)),"קלט לא תקין",IF(E4<0,"קלט לא תקין",ROUND(D4*E4,2)))))))) | G4: 1af32f77-8c53-48cc-8f37-6d997cb82fda | H4: item
A5: 3.02 | B5: חיפוי דופן חיצונית של דלפק {זיהוי}, בחומר {סוג, דגם ומידה}, בדוגמה ובגמר {פירוט}, על תשתית {סוג}; פרופילים וחיבוריהם נכללים רק לפי התכולה המפורשת. | C5: מ"ר | F5: =IF(ISBLANK(D5),"",IF(NOT(ISNUMBER(D5)),"קלט לא תקין",IF(D5<0,"קלט לא תקין",IF(ISBLANK(E5),"",IF(OR(E5="כלול",E5="לא רלוונטי"),0,IF(NOT(ISNUMBER(E5)),"קלט לא תקין",IF(E5<0,"קלט לא תקין",ROUND(D5*E5,2)))))))) | G5: eb44ff87-c5d6-40b4-9d9b-9b9474f36a12 | H5: item
A6: 3.03 | B6: חיפוי דופן פנימית של דלפק {זיהוי}, בחומר {סוג ומידה}, בגובה {גובה}, עם גמר מפגשים, מישקים ורובה {מפרט}. | C6: מ"ר | F6: =IF(ISBLANK(D6),"",IF(NOT(ISNUMBER(D6)),"קלט לא תקין",IF(D6<0,"קלט לא תקין",IF(ISBLANK(E6),"",IF(OR(E6="כלול",E6="לא רלוונטי"),0,IF(NOT(ISNUMBER(E6)),"קלט לא תקין",IF(E6<0,"קלט לא תקין",ROUND(D6*E6,2)))))))) | G6: 7f941ef6-a341-49ed-a49f-976dde45815d | H6: item
A7: 3.04 | B7: התקנת פנל תואם לריצוף {חומר וגמר}, בגובה {גובה}, לאורך האזור {אזור}, לרבות פינות וסיומות לפי הפרט. | C7: מ.א. | F7: =IF(ISBLANK(D7),"",IF(NOT(ISNUMBER(D7)),"קלט לא תקין",IF(D7<0,"קלט לא תקין",IF(ISBLANK(E7),"",IF(OR(E7="כלול",E7="לא רלוונטי"),0,IF(NOT(ISNUMBER(E7)),"קלט לא תקין",IF(E7<0,"קלט לא תקין",ROUND(D7*E7,2)))))))) | G7: 5cd662b6-7a59-4d2c-9517-39c0f921906b | H7: item
H8: spacer
B9: סיכום חלקי פרק 3 להעברה | F9: =SUM(F4,F5,F6,F7) -> 0 | H9: total

Sheet תקרה וקרניזים לדוכן
B1: תקרה וקרניזים לדוכן | G1: 4c39765e-67ca-4894-8686-b6cd175f5f6d | H1: chapter
A2: סעיף | B2: תיאור עבודה | C2: יח׳ | D2: כמות | E2: מחיר יחידה | F2: סה״כ | H2: columns
B3: המחירים כוללים תשתית, תלייה, חיבורים, פרופילי גמר ופתחים למערכות לפי מפרט התקרה. יש להגדיר סוג לוח או אריח, גובה, טיפול אקוסטי וחיזוקים. גמר צבע מתומחר בנפרד אם אינו מפורש כחלק מהמוצר. | G3: 8c0f6f08-8f52-4357-9000-c097925cdfce | H3: note
B4: ביצוע קרניז מטיפוס {טיפוס}, בחתך ובגובה {מידות}, באזור {אזור}, לרבות הכנה לתאורה או למיזוג לפי הפרט וללא אספקת גוף התאורה. | C4: מ.א. | F4: =IF(ISBLANK(D4),"",IF(NOT(ISNUMBER(D4)),"קלט לא תקין",IF(D4<0,"קלט לא תקין",IF(ISBLANK(E4),"",IF(OR(E4="כלול",E4="לא רלוונטי"),0,IF(NOT(ISNUMBER(E4)),"קלט לא תקין",IF(E4<0,"קלט לא תקין",ROUND(D4*E4,2)))))))) | G4: 443a1b2c-f0cb-425a-91fe-5d26ddde3ac6 | H4: item
B5: אספקה והתקנת תקרה פריקה מטיפוס {טיפוס}, באזור {אזור}, במידות מודול ובגמר {מפרט}, לרבות תשתית, פרופילי סיום ופתחים לפי התכנון. | C5: מ"ר | F5: =IF(ISBLANK(D5),"",IF(NOT(ISNUMBER(D5)),"קלט לא תקין",IF(D5<0,"קלט לא תקין",IF(ISBLANK(E5),"",IF(OR(E5="כלול",E5="לא רלוונטי"),0,IF(NOT(ISNUMBER(E5)),"קלט לא תקין",IF(E5<0,"קלט לא תקין",ROUND(D5*E5,2)))))))) | G5: d6186ead-0986-4661-8d9b-e056c05e5e04 | H5: item
H6: spacer
H7: spacer
B8: סיכום חלקי פרק להעברה | F8: =SUM(F4,F5) -> 0 | H8: total

Sheet צבע וגמר
B1: צבע וגמר | G1: da02db1c-a4da-49ee-8840-b26d8eccae48 | H1: chapter
A2: סעיף | B2: תיאור עבודה | C2: יח׳ | D2: כמות | E2: מחיר יחידה | F2: סה״כ | H2: columns
B3: עבודות הצבע כוללות הכנת תשתית, תיקונים וחומרי יסוד וגמר לפי מערכת מתאימה למשטח ולהוראות המוצר שנבחר. הגוון, הברק והמרקם יושלמו בפרויקט. הוראות דילול ישנות אינן חלק מהתבנית. | G3: e588d65c-8302-4487-8b17-67c25d1e9499 | H3: note
B4: הכנת וצביעת קירות באזור {אזור}, לרבות תיקוני תשתית והחלקה בתכולת {פירוט}, במערכת צבע {סוג}, בגוון ובגמר {מפרט}. | C4: מ"ר | F4: =IF(ISBLANK(D4),"",IF(NOT(ISNUMBER(D4)),"קלט לא תקין",IF(D4<0,"קלט לא תקין",IF(ISBLANK(E4),"",IF(OR(E4="כלול",E4="לא רלוונטי"),0,IF(NOT(ISNUMBER(E4)),"קלט לא תקין",IF(E4<0,"קלט לא תקין",ROUND(D4*E4,2)))))))) | G4: 71ed30bf-27b6-41e6-8c4e-bd5e3f6265b9 | H4: item
B5: הכנת וצביעת תקרות והנמכות באזור {אזור}, לרבות תיקוני תשתית והחלקה בתכולת {פירוט}, במערכת צבע {סוג}, בגוון ובגמר {מפרט}. | C5: מ"ר | F5: =IF(ISBLANK(D5),"",IF(NOT(ISNUMBER(D5)),"קלט לא תקין",IF(D5<0,"קלט לא תקין",IF(ISBLANK(E5),"",IF(OR(E5="כלול",E5="לא רלוונטי"),0,IF(NOT(ISNUMBER(E5)),"קלט לא תקין",IF(E5<0,"קלט לא תקין",ROUND(D5*E5,2)))))))) | G5: ca963033-95c2-4c38-939b-3266285ee6f7 | H5: item
H6: spacer
H7: spacer
B8: סיכום חלקי פרק להעברה | F8: =SUM(F4,F5) -> 0 | H8: total

Sheet נגרות ביפרש
A1: 4 | B1: נגרות ביפרש | G1: 3bba4889-39cb-4bbe-b4f0-df7b67005730 | H1: chapter
A2: סעיף | B2: תיאור עבודה | C2: יח׳ | D2: כמות | E2: מחיר יחידה | F2: סה״כ | H2: columns
B3: מחיר כל פריט נגרות כולל את החומרים, החיפויים, הפרזול, הגמר, ההובלה וההרכבה שפורטו בסעיף. רכיבי מתכת, משטחי אבן או חומר מיוחד, זיגוג וציוד שמופיעים בפרק נפרד מוחרגים ממחיר הנגרות. מידות, גוונים ודגמים יושלמו לכל פריט. | G3: 6fc05c6f-6487-445d-8a44-8a7ca32ec5bc | H3: note
A4: 4.01 | B4: אספקה והתקנת משטח הגשה ואכילה לדלפק {זיהוי}, מחומר {סוג}, במידות חתך {מידות}, בגמר {גמר}, עם קנט קדמי ואחורי {מפרט}. תשתית מסגרות, דפנות ומשטחים מיוחדים מתומחרים בנפרד ככל שהוגדרו בפרקים שלהם. | C4: מ.א. | F4: =IF(ISBLANK(D4),"",IF(NOT(ISNUMBER(D4)),"קלט לא תקין",IF(D4<0,"קלט לא תקין",IF(ISBLANK(E4),"",IF(OR(E4="כלול",E4="לא רלוונטי"),0,IF(NOT(ISNUMBER(E4)),"קלט לא תקין",IF(E4<0,"קלט לא תקין",ROUND(D4*E4,2)))))))) | G4: 55cf338b-1ab0-4fa4-8211-815bffb5e73f | H4: item
A5: 4.02 | B5: אספקה והתקנת דופן פנימית לדלפק {זיהוי}, מחומר {סוג}, בגובה ובעובי {מידות}, בגמר {גמר}, על תשתית {סוג}, לרבות פתחים והתאמות לציוד לפי הפרט. | C5: מ.א. | F5: =IF(ISBLANK(D5),"",IF(NOT(ISNUMBER(D5)),"קלט לא תקין",IF(D5<0,"קלט לא תקין",IF(ISBLANK(E5),"",IF(OR(E5="כלול",E5="לא רלוונטי"),0,IF(NOT(ISNUMBER(E5)),"קלט לא תקין",IF(E5<0,"קלט לא תקין",ROUND(D5*E5,2)))))))) | G5: 6e62371b-6c5f-427b-9c69-7d65055e2d00 | H5: item
A6: 4.03 | B6: אספקה והתקנת דופן חיצונית או חיפוי נגרות לדלפק {זיהוי}, בגובה ובחלוקה {מידות}, מחומר ובגמר {מפרט}, על גבי {תשתית}. חיפוי אריחים ורכיבי מיתוג אינם כלולים אם תומחרו בנפרד. | C6: מ.א. | F6: =IF(ISBLANK(D6),"",IF(NOT(ISNUMBER(D6)),"קלט לא תקין",IF(D6<0,"קלט לא תקין",IF(ISBLANK(E6),"",IF(OR(E6="כלול",E6="לא רלוונטי"),0,IF(NOT(ISNUMBER(E6)),"קלט לא תקין",IF(E6<0,"קלט לא תקין",ROUND(D6*E6,2)))))))) | G6: 22f4b0e0-b517-40d7-8a9c-ce209179c115 | H6: item
A7: 4.04 | B7: אספקה והתקנת שער או דלת כניסה לדלפק מטיפוס {טיפוס}, במידות {מידות}, מחומר ובגמר {מפרט}, לרבות מסגרת, צירים, סגירה וחיבורים כפי שנקבעו בפרט. | C7: יח' | F7: =IF(ISBLANK(D7),"",IF(NOT(ISNUMBER(D7)),"קלט לא תקין",IF(D7<0,"קלט לא תקין",IF(ISBLANK(E7),"",IF(OR(E7="כלול",E7="לא רלוונטי"),0,IF(NOT(ISNUMBER(E7)),"קלט לא תקין",IF(E7<0,"קלט לא תקין",ROUND(D7*E7,2)))))))) | G7: c474cc8c-7122-4503-a1ed-81e8ea1a43c9 | H7: item
A8: 4.05 | B8: התקנת לוחות תשתית לדופן דלפק {זיהוי}, מחומר ובעובי {מפרט}, על גבי {תשתית}, כהכנה לחיפוי {חומר}. החיפוי הסופי מתומחר בפרק הריצוף והחיפוי או בפרק המשטחים. | C8: מ"ר | F8: =IF(ISBLANK(D8),"",IF(NOT(ISNUMBER(D8)),"קלט לא תקין",IF(D8<0,"קלט לא תקין",IF(ISBLANK(E8),"",IF(OR(E8="כלול",E8="לא רלוונטי"),0,IF(NOT(ISNUMBER(E8)),"קלט לא תקין",IF(E8<0,"קלט לא תקין",ROUND(D8*E8,2)))))))) | G8: beffcd1e-0f4b-4d82-bfc6-c81e4ff5b46a | H8: item
A9: 4.06 | B9: אספקה והתקנת רקע נגרות לקיר מיתוג {זיהוי}, במידות ובחלוקה {מידות}, מחומרים ובגמר {מפרט}, כהכנה לאותיות או לשלט המתומחרים בנפרד. | C9: מ"ר | F9: =IF(ISBLANK(D9),"",IF(NOT(ISNUMBER(D9)),"קלט לא תקין",IF(D9<0,"קלט לא תקין",IF(ISBLANK(E9),"",IF(OR(E9="כלול",E9="לא רלוונטי"),0,IF(NOT(ISNUMBER(E9)),"קלט לא תקין",IF(E9<0,"קלט לא תקין",ROUND(D9*E9,2)))))))) | G9: a2e8e923-754f-4b77-86ff-e116db42ea8b | H9: item
H10: spacer
B11: סיכום חלקי פרק 4 להעברה | F11: =SUM(F4,F5,F6,F7,F8,F9) -> 0 | H11: total

Sheet מסגרות ביפרש
A1: 5 | B1: מסגרות ביפרש | G1: 04127471-4ab4-4055-a5f4-b9401b9d18b7 | H1: chapter
A2: סעיף | B2: תיאור עבודה | C2: יח׳ | D2: כמות | E2: מחיר יחידה | F2: סה״כ | H2: columns
B3: עבודות המסגרות כוללות חומרי גלם, חיבורים, עיגון, הכנת שטח וגמר לפי מפרט הפריט, הובלה והרכבה. פרופילים, עוביים ופרטי תלייה אינם מועתקים כקבועים. רכיבי נגרות, זכוכית ותאורה בפרקים אחרים מוחרגים מהמחיר. | G3: 7c789c31-c3c1-479d-85d0-c4097016cbcb | H3: note
A4: 5.01 | B4: אספקה והתקנת שלד מסגרות לדלפק {זיהוי}, במערכת פרופילים {מפרט}, בגובה ובחלוקה {מידות}, לרבות עיגון והכנות מוגדרות למעבר תשתיות. גמרי נגרות, אריחים ומשטחים אינם כלולים בסעיף זה. | C4: מ.א. | F4: =IF(ISBLANK(D4),"",IF(NOT(ISNUMBER(D4)),"קלט לא תקין",IF(D4<0,"קלט לא תקין",IF(ISBLANK(E4),"",IF(OR(E4="כלול",E4="לא רלוונטי"),0,IF(NOT(ISNUMBER(E4)),"קלט לא תקין",IF(E4<0,"קלט לא תקין",ROUND(D4*E4,2)))))))) | G4: 7638565a-aa49-4d61-986f-2052c821ea05 | H4: item
A5: 5.02 | B5: אספקה והתקנת יחידת מדפי מתכת או מתקן תצוגה מטיפוס {טיפוס}, במידות {מידות}, מפרופילים ומשטחים {מפרט}, בגמר {גמר}, לרבות תלייה או עיגון המוגדרים לפריט. | C5: יח' | F5: =IF(ISBLANK(D5),"",IF(NOT(ISNUMBER(D5)),"קלט לא תקין",IF(D5<0,"קלט לא תקין",IF(ISBLANK(E5),"",IF(OR(E5="כלול",E5="לא רלוונטי"),0,IF(NOT(ISNUMBER(E5)),"קלט לא תקין",IF(E5<0,"קלט לא תקין",ROUND(D5*E5,2)))))))) | G5: 2ff4f310-7e0b-4a1b-8459-4d5e175e28a2 | H5: item
A6: 5.03 | B6: אספקה והתקנת מסגרת תמיכה לפריט {זיהוי}, במידות {מידות}, מפרופילים ובגמר {מפרט}, לרבות עיגון והכנות כמפורט. הפריט הנתמך מתומחר בנפרד. | C6: יח' | F6: =IF(ISBLANK(D6),"",IF(NOT(ISNUMBER(D6)),"קלט לא תקין",IF(D6<0,"קלט לא תקין",IF(ISBLANK(E6),"",IF(OR(E6="כלול",E6="לא רלוונטי"),0,IF(NOT(ISNUMBER(E6)),"קלט לא תקין",IF(E6<0,"קלט לא תקין",ROUND(D6*E6,2)))))))) | G6: d5f9ace7-956c-4fd2-b530-1b1f41d899bc | H6: item
A7: 5.04 | B7: אספקה והתקנת מסגרת תומכת לשילוט בהיקף דלפק {זיהוי}, במידות ובפרופילים {מפרט}, לרבות עיגון והכנה למעבר הזנה. אותיות, תאורה ושלט גמר אינם כלולים. | C7: מ.א. | F7: =IF(ISBLANK(D7),"",IF(NOT(ISNUMBER(D7)),"קלט לא תקין",IF(D7<0,"קלט לא תקין",IF(ISBLANK(E7),"",IF(OR(E7="כלול",E7="לא רלוונטי"),0,IF(NOT(ISNUMBER(E7)),"קלט לא תקין",IF(E7<0,"קלט לא תקין",ROUND(D7*E7,2)))))))) | G7: f539aefa-f675-4190-810f-f730a3bd9ae7 | H7: item
H8: spacer
B9: סיכום חלקי פרק 5 להעברה | F9: =SUM(F4,F5,F6,F7) -> 0 | H9: total

Sheet זיגוג וחופת דלפק
A1: 6 | B1: זיגוג וחופת דלפק | G1: e53ef5a5-6dc2-4f99-8984-774dd75a0fca | H1: chapter
A2: סעיף | B2: תיאור עבודה | C2: יח׳ | D2: כמות | E2: מחיר יחידה | F2: סה״כ | H2: columns
B3: כל טיפוס פתח או זיגוג יפורט לפי מידות, שימוש, פרופיל, סוג ועובי זכוכית, פרזול וגמר. אין ברירת מחדל לסדרת פרופיל, עובי זכוכית או שיטת עיגון. רכיב מתומחר כאן לא ייכלל שוב במפרט נגרות או מסגרות. | G3: dd70bb3d-4f92-4ef4-8bbc-3d7216d8652a | H3: note
A4: 6.01 | B4: אספקה והתקנת חופת זכוכית לדלפק {זיהוי}, בגובה וברוחב {מידות}, בסוג ובעובי זכוכית {מפרט}, לרבות דפנות, פרזול וחיבור לפי הפרט. מדף פנימי מתומחר בנפרד. | C4: מ.א. | F4: =IF(ISBLANK(D4),"",IF(NOT(ISNUMBER(D4)),"קלט לא תקין",IF(D4<0,"קלט לא תקין",IF(ISBLANK(E4),"",IF(OR(E4="כלול",E4="לא רלוונטי"),0,IF(NOT(ISNUMBER(E4)),"קלט לא תקין",IF(E4<0,"קלט לא תקין",ROUND(D4*E4,2)))))))) | G4: 46fb5f95-0fef-4d55-a5c6-f3b2119f7622 | H4: item
A5: 6.02 | B5: אספקה והתקנת מדף זכוכית בחופת דלפק {זיהוי}, ברוחב ובגובה {מידות}, בסוג ובעובי {מפרט}, לרבות התמיכות והחיבור שנקבעו. | C5: מ.א. | F5: =IF(ISBLANK(D5),"",IF(NOT(ISNUMBER(D5)),"קלט לא תקין",IF(D5<0,"קלט לא תקין",IF(ISBLANK(E5),"",IF(OR(E5="כלול",E5="לא רלוונטי"),0,IF(NOT(ISNUMBER(E5)),"קלט לא תקין",IF(E5<0,"קלט לא תקין",ROUND(D5*E5,2)))))))) | G5: c75c3733-3cd3-46d4-85fe-f63b5415e7a4 | H5: item
A6: 6.03 | B6: אספקה והתקנת לוח זיגוג מטיפוס {זיהוי}, במידות {מידות}, בסוג ובעובי {מפרט}, לרבות חיבורים ופרזול שנקבעו לפרט. שלד המסגרת מתומחר בנפרד ככל שהוגדר בפרק המסגרות. | C6: יח' | F6: =IF(ISBLANK(D6),"",IF(NOT(ISNUMBER(D6)),"קלט לא תקין",IF(D6<0,"קלט לא תקין",IF(ISBLANK(E6),"",IF(OR(E6="כלול",E6="לא רלוונטי"),0,IF(NOT(ISNUMBER(E6)),"קלט לא תקין",IF(E6<0,"קלט לא תקין",ROUND(D6*E6,2)))))))) | G6: ffe15c8b-c9f4-45f9-ad7d-de3a1c8cf0c0 | H6: item
H7: spacer
B8: סיכום חלקי פרק 6 להעברה | F8: =SUM(F4,F5,F6) -> 0 | H8: total

Sheet משטחים ודפנות מיוחדים
A1: 7 | B1: משטחים ודפנות מיוחדים | G1: ea0816a7-1115-4109-b4ce-a022a6cc4489 | H1: chapter
A2: סעיף | B2: תיאור עבודה | C2: יח׳ | D2: כמות | E2: מחיר יחידה | F2: סה״כ | H2: columns
B3: מחירי המשטחים כוללים עיבוד, חיתוכים, פתחים, קנטים, הובלה והרכבה רק כפי שהוגדרו בפריט. חומר, דגם, עובי וחתך הם משתני פרויקט. אותו משטח לא ייכלל שוב במחיר הנגרות או הציוד. | G3: 61340976-e2c9-4b53-a905-4ff7ec4d2379 | H3: note
A4: 7.01 | B4: אספקה והתקנת משטח עבודה עבור {פריט}, מחומר ודגם {מפרט}, ברוחב ובעובי {מידות}, לרבות פתחים, קנטים וחיבורים {פירוט}, על תשתית {סוג}. | C4: מ.א. | F4: =IF(ISBLANK(D4),"",IF(NOT(ISNUMBER(D4)),"קלט לא תקין",IF(D4<0,"קלט לא תקין",IF(ISBLANK(E4),"",IF(OR(E4="כלול",E4="לא רלוונטי"),0,IF(NOT(ISNUMBER(E4)),"קלט לא תקין",IF(E4<0,"קלט לא תקין",ROUND(D4*E4,2)))))))) | G4: cbd02afe-396d-4153-acbe-ee5bd9142784 | H4: item
A5: 7.02 | B5: אספקה והתקנת פס או דופן גמר מיוחדת לדלפק {זיהוי}, מחומר ודגם {מפרט}, בחתך {מידות}, לרבות פינות, עיבוד וחיבורים שנקבעו. | C5: מ.א. | F5: =IF(ISBLANK(D5),"",IF(NOT(ISNUMBER(D5)),"קלט לא תקין",IF(D5<0,"קלט לא תקין",IF(ISBLANK(E5),"",IF(OR(E5="כלול",E5="לא רלוונטי"),0,IF(NOT(ISNUMBER(E5)),"קלט לא תקין",IF(E5<0,"קלט לא תקין",ROUND(D5*E5,2)))))))) | G5: b0f2a164-96d3-4a85-a5f9-b0fcfab65985 | H5: item
A6: 7.03 | B6: אספקה והתקנת קופינג או צוקל לדלפק או למחיצה {זיהוי}, מחומר ודגם {מפרט}, בחתך {מידות}, עם פינות, קנטים וחיבורים {פירוט}. | C6: מ.א. | F6: =IF(ISBLANK(D6),"",IF(NOT(ISNUMBER(D6)),"קלט לא תקין",IF(D6<0,"קלט לא תקין",IF(ISBLANK(E6),"",IF(OR(E6="כלול",E6="לא רלוונטי"),0,IF(NOT(ISNUMBER(E6)),"קלט לא תקין",IF(E6<0,"קלט לא תקין",ROUND(D6*E6,2)))))))) | G6: 62ed44ce-dd1a-4bd1-a820-171759894666 | H6: item
H7: spacer
H8: spacer
B9: סיכום חלקי פרק 7 להעברה | F9: =SUM(F4,F5,F6) -> 0 | H9: total

Sheet אספקות גמר נפרדות
B1: אספקות גמר נפרדות | G1: 799537dc-5c82-4c22-b534-9ada025cfdaf | H1: chapter
A2: סעיף | B2: תיאור עבודה | C2: יח׳ | D2: כמות | E2: מחיר יחידה | F2: סה״כ | H2: columns
B3: פרק אספקות נפתח רק כשהאספקה נפרדת מעבודת ההתקנה. בעת הפעלתו יש להחריג את האספקה ממחירי הפרקים המבצעים. כמויות הרכש ופחת, אם נדרשים, ייקבעו בפרויקט ולא בתבנית. | G3: bf44a6e7-7757-4296-8dd5-16a941f7ecfc | H3: note
B4: אספקת אריחי ריצוף או חיפוי מטיפוס {זיהוי}, מחומר ודגם {מפרט}, במידה ובגמר {מפרט}. הובלה ופריקה: {תכולה}; התקנה מתומחרת בנפרד. | C4: מ"ר | F4: =IF(ISBLANK(D4),"",IF(NOT(ISNUMBER(D4)),"קלט לא תקין",IF(D4<0,"קלט לא תקין",IF(ISBLANK(E4),"",IF(OR(E4="כלול",E4="לא רלוונטי"),0,IF(NOT(ISNUMBER(E4)),"קלט לא תקין",IF(E4<0,"קלט לא תקין",ROUND(D4*E4,2)))))))) | G4: a91bdb3c-34e6-4f92-bad8-95695336a1e9 | H4: item
B5: אספקת כלי או אביזר סניטרי מטיפוס {זיהוי}, בדגם ובגמר {מפרט}, לרבות {אביזרים נלווים}. התקנה וחיבור מתומחרים בפרק האינסטלציה. | C5: יח' | F5: =IF(ISBLANK(D5),"",IF(NOT(ISNUMBER(D5)),"קלט לא תקין",IF(D5<0,"קלט לא תקין",IF(ISBLANK(E5),"",IF(OR(E5="כלול",E5="לא רלוונטי"),0,IF(NOT(ISNUMBER(E5)),"קלט לא תקין",IF(E5<0,"קלט לא תקין",ROUND(D5*E5,2)))))))) | G5: 236b4c0c-32fc-4fb7-9476-296ad03731a7 | H5: item
B6: אספקת גוף תאורה מטיפוס {זיהוי}, במפרט ובדגם {מפרט}, עם {ספק, דרייבר ואביזרים נלווים לפי הנדרש}. התקנה ונקודת הזנה מתומחרות בפרק החשמל. | C6: יח' | F6: =IF(ISBLANK(D6),"",IF(NOT(ISNUMBER(D6)),"קלט לא תקין",IF(D6<0,"קלט לא תקין",IF(ISBLANK(E6),"",IF(OR(E6="כלול",E6="לא רלוונטי"),0,IF(NOT(ISNUMBER(E6)),"קלט לא תקין",IF(E6<0,"קלט לא תקין",ROUND(D6*E6,2)))))))) | G6: 91a0a786-cec9-452c-b2d9-f0056f5ab75d | H6: item
H7: spacer
H8: spacer
B9: סיכום חלקי פרק להעברה | F9: =SUM(F4,F5,F6) -> 0 | H9: total

Sheet מיזוג ואוורור
B1: מיזוג ואוורור | G1: ae422d7f-697b-43df-974c-b52dc82612bd | H1: chapter
A2: סעיף | B2: תיאור עבודה | C2: יח׳ | D2: כמות | E2: מחיר יחידה | F2: סה״כ | H2: columns
B3: תוכן מערכת זו יושלם בפרויקט לפי תכנון היועץ ורשימת הציוד המאושרים. שורות התבנית מגדירות גבולות תכולה ואינן מפרט הנדסי מלא. אין להסיק מהפעלת הפרק שהמערכת נדרשת בכל אתר. | G3: d162efe7-fc45-4549-94d3-356b41037388 | H3: note
B4: ביצוע מערכת מיזוג ואוורור בתכולת {מערכת מוגדרת}, לפי תכנון {הפניה}, לרבות {אספקה, התקנה, חיבור והפעלה}. גבולות מול חשמל, ניקוז ותקרות: {פירוט}. | C4: קומפ' | F4: =IF(ISBLANK(D4),"",IF(NOT(ISNUMBER(D4)),"קלט לא תקין",IF(D4<0,"קלט לא תקין",IF(ISBLANK(E4),"",IF(OR(E4="כלול",E4="לא רלוונטי"),0,IF(NOT(ISNUMBER(E4)),"קלט לא תקין",IF(E4<0,"קלט לא תקין",ROUND(D4*E4,2)))))))) | G4: 4f0b051f-8aca-4370-97a3-9d32f3a05f56 | H4: item
H5: spacer
H6: spacer
B7: סיכום חלקי פרק להעברה | F7: =SUM(F4) -> 0 | H7: total

Sheet ציוד מטבח ונירוסטה
B1: ציוד מטבח ונירוסטה | G1: 4e12e137-2f1b-4f49-a132-a2787c66ad6e | H1: chapter
A2: סעיף | B2: תיאור עבודה | C2: יח׳ | D2: כמות | E2: מחיר יחידה | F2: סה״כ | H2: columns
B3: תוכן מערכת זו יושלם בפרויקט לפי תכנון היועץ ורשימת הציוד המאושרים. שורות התבנית מגדירות גבולות תכולה ואינן מפרט הנדסי מלא. אין להסיק מהפעלת הפרק שהמערכת נדרשת בכל אתר. | G3: 1abeaeab-35ec-42ff-919d-ed8ad89a7ce9 | H3: note
B4: אספקה והתקנת פריט ציוד מטבח או נירוסטה {זיהוי}, לפי רשימת ציוד {הפניה}, בתכולת {מפרט}, עם גבולות חיבור למערכות {פירוט}. | C4: יח' | F4: =IF(ISBLANK(D4),"",IF(NOT(ISNUMBER(D4)),"קלט לא תקין",IF(D4<0,"קלט לא תקין",IF(ISBLANK(E4),"",IF(OR(E4="כלול",E4="לא רלוונטי"),0,IF(NOT(ISNUMBER(E4)),"קלט לא תקין",IF(E4<0,"קלט לא תקין",ROUND(D4*E4,2)))))))) | G4: 4cd39652-da89-4d9b-9292-a8da5cd010b3 | H4: item
H5: spacer
H6: spacer
B7: סיכום חלקי פרק להעברה | F7: =SUM(F4) -> 0 | H7: total

Sheet הכנות ומערכת גז
B1: הכנות ומערכת גז | G1: 7df97331-95da-456a-9ddf-5595e1cdb839 | H1: chapter
A2: סעיף | B2: תיאור עבודה | C2: יח׳ | D2: כמות | E2: מחיר יחידה | F2: סה״כ | H2: columns
B3: מערכת הגז נפתחת רק כשנדרשת בתכנון הפרויקט. תשתית, אביזרים, בדיקות וגבולות חיבור ייקבעו במפרט המתכנן והגורם המבצע; אין הנחת סוג צנרת, צובר קיים או מיקום ציוד מהארכיון. | G3: 83a5c4db-04e8-4a0b-abe4-6c0eeb79f087 | H3: note
B4: ביצוע נקודת גז עבור {ציוד מזוהה}, לפי תכנון {הפניה}, לרבות התשתית ואביזרי החיבור בתכולת {מפרט}. גבולות אחריות אספקת המערכת, חיבור הציוד ובדיקות: {פירוט}. | C4: נק' | F4: =IF(ISBLANK(D4),"",IF(NOT(ISNUMBER(D4)),"קלט לא תקין",IF(D4<0,"קלט לא תקין",IF(ISBLANK(E4),"",IF(OR(E4="כלול",E4="לא רלוונטי"),0,IF(NOT(ISNUMBER(E4)),"קלט לא תקין",IF(E4<0,"קלט לא תקין",ROUND(D4*E4,2)))))))) | G4: 2c6f951d-efc8-4ed6-8be5-acff7c4bed46 | H4: item
H5: spacer
H6: spacer
B7: סיכום חלקי פרק להעברה | F7: =SUM(F4) -> 0 | H7: total

Sheet כיבוי וגילוי
B1: כיבוי וגילוי | G1: de0e5aca-a68e-43aa-9343-cc1dd019e4ab | H1: chapter
A2: סעיף | B2: תיאור עבודה | C2: יח׳ | D2: כמות | E2: מחיר יחידה | F2: סה״כ | H2: columns
B3: תוכן מערכת זו יושלם בפרויקט לפי תכנון היועץ ורשימת הציוד המאושרים. שורות התבנית מגדירות גבולות תכולה ואינן מפרט הנדסי מלא. אין להסיק מהפעלת הפרק שהמערכת נדרשת בכל אתר. | G3: 27533abe-0c18-4130-adc2-b046a73623e6 | H3: note
B4: ביצוע מערכת כיבוי {סוג מערכת מוגדר}, לפי תכנון בטיחות וכיבוי {הפניה}, בגבולות {תכולה ואחריות}, עם הממשקים למערכות האחרות כמפורט. | C4: קומפ' | F4: =IF(ISBLANK(D4),"",IF(NOT(ISNUMBER(D4)),"קלט לא תקין",IF(D4<0,"קלט לא תקין",IF(ISBLANK(E4),"",IF(OR(E4="כלול",E4="לא רלוונטי"),0,IF(NOT(ISNUMBER(E4)),"קלט לא תקין",IF(E4<0,"קלט לא תקין",ROUND(D4*E4,2)))))))) | G4: d8892950-3007-4539-bb86-c5be39f49737 | H4: item
B5: ביצוע מערכת גילוי או התרעה {סוג מערכת מוגדר}, לפי תכנון {הפניה}, בגבולות {תכולה ואחריות}, עם ההכנות והחיבורים המפורטים. | C5: קומפ' | F5: =IF(ISBLANK(D5),"",IF(NOT(ISNUMBER(D5)),"קלט לא תקין",IF(D5<0,"קלט לא תקין",IF(ISBLANK(E5),"",IF(OR(E5="כלול",E5="לא רלוונטי"),0,IF(NOT(ISNUMBER(E5)),"קלט לא תקין",IF(E5<0,"קלט לא תקין",ROUND(D5*E5,2)))))))) | G5: 5ce19ebf-ec90-4967-b376-2a5d00d0ce70 | H5: item
H6: spacer
H7: spacer
B8: סיכום חלקי פרק להעברה | F8: =SUM(F4,F5) -> 0 | H8: total

Sheet שילוט ומיתוג
B1: שילוט ומיתוג | G1: fa355e7c-82e1-4ef6-bce6-7be7c4a6a8d4 | H1: chapter
A2: סעיף | B2: תיאור עבודה | C2: יח׳ | D2: כמות | E2: מחיר יחידה | F2: סה״כ | H2: columns
B3: תוכן מערכת זו יושלם בפרויקט לפי תכנון היועץ ורשימת הציוד המאושרים. שורות התבנית מגדירות גבולות תכולה ואינן מפרט הנדסי מלא. אין להסיק מהפעלת הפרק שהמערכת נדרשת בכל אתר. | G3: 99c8c2f4-3e08-4c18-b3c3-9b6867d9c781 | H3: note
B4: אספקה והתקנת שילוט או אותיות מטיפוס {זיהוי}, במידות ובחומר {מפרט}, בגמר {גמר}, לרבות {תאורה, ספק, פרזול והתקנה}. תשתית והזנה מתומחרות בנפרד אם צוינו בפרק החשמל. | C4: יח' | F4: =IF(ISBLANK(D4),"",IF(NOT(ISNUMBER(D4)),"קלט לא תקין",IF(D4<0,"קלט לא תקין",IF(ISBLANK(E4),"",IF(OR(E4="כלול",E4="לא רלוונטי"),0,IF(NOT(ISNUMBER(E4)),"קלט לא תקין",IF(E4<0,"קלט לא תקין",ROUND(D4*E4,2)))))))) | G4: e9fab013-6fc7-40f0-ad73-517879d2d25f | H4: item
H5: spacer
H6: spacer
B7: סיכום חלקי פרק להעברה | F7: =SUM(F4) -> 0 | H7: total

Sheet ריהוט נייד
B1: ריהוט נייד | G1: 03a96adf-93e5-4675-98fa-9281d67d41fb | H1: chapter
A2: סעיף | B2: תיאור עבודה | C2: יח׳ | D2: כמות | E2: מחיר יחידה | F2: סה״כ | H2: columns
B3: מחיר כל פריט נגרות כולל את החומרים, החיפויים, הפרזול, הגמר, ההובלה וההרכבה שפורטו בסעיף. רכיבי מתכת, משטחי אבן או חומר מיוחד, זיגוג וציוד שמופיעים בפרק נפרד מוחרגים ממחיר הנגרות. מידות, גוונים ודגמים יושלמו לכל פריט. | G3: 31520d52-cb40-4625-b873-5f69a4afa491 | H3: note
B4: אספקת פריט ריהוט נייד מטיפוס {זיהוי}, בדגם ובגמר {מפרט}, לרבות {הובלה והרכבה}. | C4: יח' | F4: =IF(ISBLANK(D4),"",IF(NOT(ISNUMBER(D4)),"קלט לא תקין",IF(D4<0,"קלט לא תקין",IF(ISBLANK(E4),"",IF(OR(E4="כלול",E4="לא רלוונטי"),0,IF(NOT(ISNUMBER(E4)),"קלט לא תקין",IF(E4<0,"קלט לא תקין",ROUND(D4*E4,2)))))))) | G4: 32566ce5-5b0b-4b5f-ab9e-e404aa145c04 | H4: item
H5: spacer
H6: spacer
B7: סיכום חלקי פרק להעברה | F7: =SUM(F4) -> 0 | H7: total

Sheet ריכוז עלויות
B1: ריכוז עלויות
A2: פרק | B2: תיאור | E2: סה״כ
A3: 1 | B3: אינסטלציה ותברואה | E3: ='אינסטלציה ותברואה'!F12 -> 0
A4: 2 | B4: חשמל והכנות תקשורת | E4: ='חשמל והכנות תקשורת'!F15 -> 0
A5: 3 | B5: ריצוף וחיפוי הדלפק | E5: ='ריצוף וחיפוי הדלפק'!F9 -> 0
A6: 4 | B6: נגרות ביפרש | E6: ='נגרות ביפרש'!F11 -> 0
A7: 5 | B7: מסגרות ביפרש | E7: ='מסגרות ביפרש'!F9 -> 0
A8: 6 | B8: זיגוג וחופת דלפק | E8: ='זיגוג וחופת דלפק'!F8 -> 0
A9: 7 | B9: משטחים ודפנות מיוחדים | E9: ='משטחים ודפנות מיוחדים'!F9 -> 0
B10: סכומים חלקיים — קיימים סעיפים ללא תמחור מלא
B11: סה״כ | E11: =SUM(E3:E9) -> 0
B12: =IF(ISNUMBER('שער'!F14),"מע"&CHAR(34)&"מ ("&'שער'!F14&"%)","מע"&CHAR(34)&"מ (לא הוגדר)") -> מע״מ (18%) | E12: =IF(ISBLANK('שער'!F14),"",IF(ISNUMBER('שער'!F14),ROUND(E11*'שער'!F14/100,2),"קלט לא תקין")) -> 0
B13: סה״כ כולל מע״מ | E13: =IF(ISNUMBER(E12),SUM(E11,E12),"") -> 0
